-- phpMyAdmin SQL Dump
-- version 5.1.1
-- https://www.phpmyadmin.net/
--
-- Host: 127.0.0.1:3306
-- Generation Time: Dec 18, 2022 at 06:29 AM
-- Server version: 5.7.36
-- PHP Version: 7.4.26

SET SQL_MODE = "NO_AUTO_VALUE_ON_ZERO";
START TRANSACTION;
SET time_zone = "+00:00";


/*!40101 SET @OLD_CHARACTER_SET_CLIENT=@@CHARACTER_SET_CLIENT */;
/*!40101 SET @OLD_CHARACTER_SET_RESULTS=@@CHARACTER_SET_RESULTS */;
/*!40101 SET @OLD_COLLATION_CONNECTION=@@COLLATION_CONNECTION */;
/*!40101 SET NAMES utf8mb4 */;

--
-- Database: `eapi2`
--

-- --------------------------------------------------------

--
-- Table structure for table `failed_jobs`
--

DROP TABLE IF EXISTS `failed_jobs`;
CREATE TABLE IF NOT EXISTS `failed_jobs` (
  `id` bigint(20) UNSIGNED NOT NULL AUTO_INCREMENT,
  `uuid` varchar(255) COLLATE utf8_unicode_ci NOT NULL,
  `connection` text COLLATE utf8_unicode_ci NOT NULL,
  `queue` text COLLATE utf8_unicode_ci NOT NULL,
  `payload` longtext COLLATE utf8_unicode_ci NOT NULL,
  `exception` longtext COLLATE utf8_unicode_ci NOT NULL,
  `failed_at` timestamp NOT NULL DEFAULT CURRENT_TIMESTAMP,
  PRIMARY KEY (`id`),
  UNIQUE KEY `failed_jobs_uuid_unique` (`uuid`)
) ENGINE=MyISAM DEFAULT CHARSET=utf8 COLLATE=utf8_unicode_ci;

-- --------------------------------------------------------

--
-- Table structure for table `migrations`
--

DROP TABLE IF EXISTS `migrations`;
CREATE TABLE IF NOT EXISTS `migrations` (
  `id` int(10) UNSIGNED NOT NULL AUTO_INCREMENT,
  `migration` varchar(255) COLLATE utf8_unicode_ci NOT NULL,
  `batch` int(11) NOT NULL,
  PRIMARY KEY (`id`)
) ENGINE=MyISAM AUTO_INCREMENT=7 DEFAULT CHARSET=utf8 COLLATE=utf8_unicode_ci;

--
-- Dumping data for table `migrations`
--

INSERT INTO `migrations` (`id`, `migration`, `batch`) VALUES
(1, '2014_10_12_000000_create_users_table', 1),
(2, '2014_10_12_100000_create_password_resets_table', 1),
(3, '2019_08_19_000000_create_failed_jobs_table', 1),
(4, '2019_12_14_000001_create_personal_access_tokens_table', 1),
(5, '2022_12_15_100009_create_products_table', 1),
(6, '2022_12_15_103519_create_rewiers_table', 1);

-- --------------------------------------------------------

--
-- Table structure for table `password_resets`
--

DROP TABLE IF EXISTS `password_resets`;
CREATE TABLE IF NOT EXISTS `password_resets` (
  `email` varchar(255) COLLATE utf8_unicode_ci NOT NULL,
  `token` varchar(255) COLLATE utf8_unicode_ci NOT NULL,
  `created_at` timestamp NULL DEFAULT NULL,
  KEY `password_resets_email_index` (`email`)
) ENGINE=MyISAM DEFAULT CHARSET=utf8 COLLATE=utf8_unicode_ci;

-- --------------------------------------------------------

--
-- Table structure for table `personal_access_tokens`
--

DROP TABLE IF EXISTS `personal_access_tokens`;
CREATE TABLE IF NOT EXISTS `personal_access_tokens` (
  `id` bigint(20) UNSIGNED NOT NULL AUTO_INCREMENT,
  `tokenable_type` varchar(255) COLLATE utf8_unicode_ci NOT NULL,
  `tokenable_id` bigint(20) UNSIGNED NOT NULL,
  `name` varchar(255) COLLATE utf8_unicode_ci NOT NULL,
  `token` varchar(64) COLLATE utf8_unicode_ci NOT NULL,
  `abilities` text COLLATE utf8_unicode_ci,
  `last_used_at` timestamp NULL DEFAULT NULL,
  `created_at` timestamp NULL DEFAULT NULL,
  `updated_at` timestamp NULL DEFAULT NULL,
  PRIMARY KEY (`id`),
  UNIQUE KEY `personal_access_tokens_token_unique` (`token`),
  KEY `personal_access_tokens_tokenable_type_tokenable_id_index` (`tokenable_type`,`tokenable_id`)
) ENGINE=MyISAM DEFAULT CHARSET=utf8 COLLATE=utf8_unicode_ci;

-- --------------------------------------------------------

--
-- Table structure for table `products`
--

DROP TABLE IF EXISTS `products`;
CREATE TABLE IF NOT EXISTS `products` (
  `id` int(10) UNSIGNED NOT NULL AUTO_INCREMENT,
  `name` varchar(255) COLLATE utf8_unicode_ci NOT NULL,
  `detales` text COLLATE utf8_unicode_ci NOT NULL,
  `price` int(11) NOT NULL,
  `stock` int(11) NOT NULL,
  `discount` int(11) NOT NULL,
  `created_at` timestamp NULL DEFAULT NULL,
  `updated_at` timestamp NULL DEFAULT NULL,
  PRIMARY KEY (`id`)
) ENGINE=MyISAM AUTO_INCREMENT=51 DEFAULT CHARSET=utf8 COLLATE=utf8_unicode_ci;

--
-- Dumping data for table `products`
--

INSERT INTO `products` (`id`, `name`, `detales`, `price`, `stock`, `discount`, `created_at`, `updated_at`) VALUES
(1, 'ut', 'Cumque ea non enim et fuga. Esse debitis molestiae placeat voluptas.', 313, 0, 10, '2022-12-18 04:17:32', '2022-12-18 04:17:32'),
(2, 'nostrum', 'Optio dicta quis quia aut molestias nemo. Libero enim quis rerum. Quia quasi occaecati aspernatur aut accusamus illo voluptas consequatur. At autem quia incidunt rerum.', 830, 1, 22, '2022-12-18 04:17:32', '2022-12-18 04:17:32'),
(3, 'aut', 'Doloribus eum quam qui qui iusto voluptatum. Voluptatum autem quisquam omnis rerum sunt quia.', 137, 8, 22, '2022-12-18 04:17:32', '2022-12-18 04:17:32'),
(4, 'rerum', 'Recusandae nemo vel illo optio. Debitis similique quia aliquid dolor architecto. Odio ipsum quasi fugiat repellat odit dolorem ab. Id facilis exercitationem ut eos doloremque ratione. Dignissimos ea doloremque vel explicabo.', 405, 0, 12, '2022-12-18 04:17:32', '2022-12-18 04:17:32'),
(5, 'error', 'Sunt qui voluptatem minima velit labore voluptas ex illo. Ullam et nulla eos dolores autem quas dolorem. Amet aut quod error sed et reiciendis earum et. Rerum et et molestias perferendis sed aut.', 340, 9, 12, '2022-12-18 04:17:32', '2022-12-18 04:17:32'),
(6, 'delectus', 'A autem est ea ut magni quam. Aut voluptatum exercitationem autem ab quibusdam earum et. Et laboriosam iste velit deserunt laboriosam. Vel et voluptatem illo sit unde.', 977, 9, 15, '2022-12-18 04:17:32', '2022-12-18 04:17:32'),
(7, 'aut', 'Quam commodi rerum quis asperiores et. Dolores quia error optio quia et culpa ad. Consequatur officia voluptas sit. Tempore quas autem repellendus dolorum quia sunt quae.', 577, 5, 9, '2022-12-18 04:17:32', '2022-12-18 04:17:32'),
(8, 'ducimus', 'Similique rerum possimus nemo dolorem vitae esse omnis ipsum. Nostrum veniam magni nam. Ad dignissimos id et porro id.', 636, 7, 21, '2022-12-18 04:17:32', '2022-12-18 04:17:32'),
(9, 'quae', 'Commodi eos aut enim quia. Deleniti natus occaecati id voluptatem nesciunt. Sequi cumque fugiat consectetur fugiat vero. Eligendi ducimus praesentium atque incidunt ea delectus aperiam numquam.', 533, 2, 19, '2022-12-18 04:17:32', '2022-12-18 04:17:32'),
(10, 'eos', 'Quae assumenda nulla totam corporis omnis minima. Similique ex qui minima non hic velit.', 754, 7, 10, '2022-12-18 04:17:32', '2022-12-18 04:17:32'),
(11, 'pariatur', 'Voluptatum beatae omnis ullam voluptatibus accusantium perferendis suscipit ut. Quo numquam laborum sed quam non. Iusto soluta et odio. Quia consequatur modi iure aut sint dicta.', 187, 1, 14, '2022-12-18 04:17:32', '2022-12-18 04:17:32'),
(12, 'illum', 'Quisquam rerum odio odio error molestiae. Beatae animi aspernatur quasi labore vel et expedita. Amet molestiae et eligendi.', 482, 9, 5, '2022-12-18 04:17:32', '2022-12-18 04:17:32'),
(13, 'quaerat', 'Voluptatem totam excepturi enim quia soluta enim optio eaque. Quos sit ex id tempore quo consequatur veniam. Porro voluptatem quod dicta. Exercitationem qui sunt tenetur quia animi fuga.', 911, 3, 30, '2022-12-18 04:17:32', '2022-12-18 04:17:32'),
(14, 'sequi', 'Laudantium dolorum aliquam est ea inventore nihil eum. Eum voluptates mollitia qui aut non consequatur sequi. Eius repellendus esse ea ut.', 882, 1, 13, '2022-12-18 04:17:32', '2022-12-18 04:17:32'),
(15, 'recusandae', 'Voluptatem non et quaerat consequuntur et quia nemo voluptatem. Tempora asperiores placeat recusandae et id aliquam. Animi vero incidunt eaque rerum libero et placeat. At qui quia necessitatibus officia saepe cumque.', 139, 9, 29, '2022-12-18 04:17:32', '2022-12-18 04:17:32'),
(16, 'inventore', 'Nostrum ullam ad dolor magni. Adipisci inventore et dolorum voluptatum qui quod dolorem. Sunt perferendis laborum eaque voluptate eius delectus. Ipsa illo neque possimus optio ut.', 649, 0, 8, '2022-12-18 04:17:32', '2022-12-18 04:17:32'),
(17, 'sed', 'Non minima harum quia quidem ipsum saepe maiores. Placeat voluptatem doloremque neque assumenda amet et. Beatae praesentium illo doloribus sunt.', 728, 8, 5, '2022-12-18 04:17:32', '2022-12-18 04:17:32'),
(18, 'minima', 'Mollitia occaecati ducimus nisi tenetur omnis voluptas delectus. Harum harum optio qui voluptatem. Nisi natus cumque aut inventore quae quae sunt. Voluptatem quaerat quae quas quia aspernatur alias enim. Aperiam est ut repellat.', 909, 7, 10, '2022-12-18 04:17:32', '2022-12-18 04:17:32'),
(19, 'eos', 'Suscipit optio voluptate architecto assumenda amet fuga nihil. Ullam molestiae eos dolorum quo. Exercitationem quia quis et distinctio deleniti doloremque molestias quasi. Illum et sit qui illo quod maxime magnam.', 615, 4, 16, '2022-12-18 04:17:32', '2022-12-18 04:17:32'),
(20, 'ut', 'Quos ut totam soluta ratione reprehenderit. Maxime ea rerum accusamus quasi fugiat quod dolores. Voluptas fugit minus voluptatibus qui ipsam excepturi. Quibusdam aut et non aperiam nesciunt sed voluptatum.', 293, 5, 5, '2022-12-18 04:17:32', '2022-12-18 04:17:32'),
(21, 'omnis', 'Velit libero illo ut quis numquam aut eveniet. Reiciendis incidunt minus est molestiae consectetur. Quae laboriosam sed blanditiis qui et.', 213, 1, 20, '2022-12-18 04:17:32', '2022-12-18 04:17:32'),
(22, 'et', 'Quibusdam qui velit veniam explicabo ut magnam ea. Ipsum vel amet unde quisquam autem consequuntur vero. Similique quisquam facilis voluptatum veritatis laborum.', 185, 5, 23, '2022-12-18 04:17:32', '2022-12-18 04:17:32'),
(23, 'accusamus', 'Est quia ducimus est reprehenderit distinctio asperiores totam. Reprehenderit voluptatem esse repudiandae excepturi labore quia maiores. Ut enim eaque eius voluptatem. Illo rerum magnam dignissimos eaque nesciunt officiis repudiandae odio.', 177, 6, 5, '2022-12-18 04:17:32', '2022-12-18 04:17:32'),
(24, 'rem', 'Et consequatur natus impedit laboriosam. Facilis voluptatibus itaque architecto. Nisi velit aut consequatur. Tempore et ut rem adipisci vel nemo consequatur.', 408, 8, 29, '2022-12-18 04:17:32', '2022-12-18 04:17:32'),
(25, 'accusantium', 'Architecto ut maxime quam veniam aliquid. Explicabo culpa voluptatem et et. Nam cupiditate quia eveniet quae. Beatae soluta praesentium eum nihil repellendus.', 583, 0, 25, '2022-12-18 04:17:32', '2022-12-18 04:17:32'),
(26, 'illum', 'Ratione voluptatem similique ipsum delectus ea quaerat temporibus. Deleniti ut qui architecto numquam ut. Ducimus rerum quae magnam consequatur quisquam sed. Itaque earum et perferendis nostrum et ut alias. Sit quis excepturi nihil in id qui.', 733, 6, 20, '2022-12-18 04:17:32', '2022-12-18 04:17:32'),
(27, 'sunt', 'Quisquam quis tenetur voluptas tenetur est et sunt. Provident nisi qui dolores quis modi. Accusantium consequuntur sed maiores mollitia ipsum quisquam quisquam in.', 160, 8, 27, '2022-12-18 04:17:32', '2022-12-18 04:17:32'),
(28, 'accusantium', 'Est quasi omnis labore nisi. Nemo delectus id ullam provident id. Laboriosam nostrum rerum iure. Voluptatem deserunt ut excepturi maiores.', 478, 2, 27, '2022-12-18 04:17:32', '2022-12-18 04:17:32'),
(29, 'voluptatem', 'Eos aut quos illum praesentium tempore est. Fugit architecto sapiente ullam sequi qui et occaecati aut. Hic et quae eaque aut et ratione optio.', 755, 5, 23, '2022-12-18 04:17:32', '2022-12-18 04:17:32'),
(30, 'nesciunt', 'Error est beatae ad unde. Qui quis sed sint quo dolorum itaque. Quos cupiditate voluptatem est quis.', 941, 4, 27, '2022-12-18 04:17:32', '2022-12-18 04:17:32'),
(31, 'placeat', 'Ullam rem nulla repudiandae fugit. Eum sequi est et beatae libero voluptas dolor. Dolores sunt deleniti officiis perspiciatis consequuntur. Aliquam sunt inventore facere quia quia.', 274, 2, 28, '2022-12-18 04:17:32', '2022-12-18 04:17:32'),
(32, 'ipsa', 'Et est necessitatibus repellat quasi. Voluptate autem et error alias quis cum nam sit.', 271, 9, 5, '2022-12-18 04:17:32', '2022-12-18 04:17:32'),
(33, 'id', 'Molestiae veritatis eos est rerum deserunt natus beatae. Quisquam sit asperiores molestiae. Ea deserunt non quia dolores aliquam.', 236, 4, 9, '2022-12-18 04:17:32', '2022-12-18 04:17:32'),
(34, 'ut', 'Distinctio est eum non aliquid ducimus error. Et itaque qui modi dignissimos voluptas. Voluptatem dolor quae suscipit quia beatae. Itaque quibusdam modi molestias aut.', 417, 4, 8, '2022-12-18 04:17:32', '2022-12-18 04:17:32'),
(35, 'omnis', 'Alias ex dolor aperiam autem earum. Quas rem at fugit quia quas nihil. Eos dolore dolor sapiente est. Hic molestiae repellendus ut iste officiis nihil.', 229, 9, 11, '2022-12-18 04:17:32', '2022-12-18 04:17:32'),
(36, 'sed', 'Rem incidunt quia dolore nostrum necessitatibus ipsam aut. Quos facere aspernatur possimus aut est porro qui necessitatibus. Sequi deserunt quas omnis tenetur sit. Quod quis laboriosam nisi quia repudiandae accusamus rerum.', 161, 3, 10, '2022-12-18 04:17:32', '2022-12-18 04:17:32'),
(37, 'fuga', 'Animi enim doloremque tenetur quas assumenda dolores iure. Explicabo ex at qui saepe amet. Fugiat incidunt dolorem voluptas.', 199, 5, 15, '2022-12-18 04:17:32', '2022-12-18 04:17:32'),
(38, 'consequatur', 'Rem voluptates saepe reprehenderit aut quia. Est hic fuga qui voluptas. Aperiam voluptate nostrum voluptas blanditiis velit consectetur similique harum. Exercitationem earum sequi molestias omnis maiores sint quas ducimus.', 382, 8, 21, '2022-12-18 04:17:32', '2022-12-18 04:17:32'),
(39, 'eius', 'Qui explicabo quis earum similique. Aut ut corrupti saepe. Recusandae laboriosam placeat hic quaerat possimus.', 682, 9, 3, '2022-12-18 04:17:32', '2022-12-18 04:17:32'),
(40, 'possimus', 'Quaerat reiciendis praesentium repellendus repellendus eius dolor natus veritatis. Sit laudantium dolor possimus reprehenderit. Neque dolorum ad quaerat quo temporibus.', 414, 4, 7, '2022-12-18 04:17:32', '2022-12-18 04:17:32'),
(41, 'quia', 'Qui recusandae iste sint quasi. Ullam quia esse sit nesciunt. Vitae illum quis quae.', 889, 7, 30, '2022-12-18 04:17:32', '2022-12-18 04:17:32'),
(42, 'velit', 'Voluptas et qui non inventore et sit. Quas voluptatum alias voluptatem numquam porro animi vero. Blanditiis rem adipisci quibusdam consectetur occaecati deleniti praesentium.', 336, 4, 18, '2022-12-18 04:17:32', '2022-12-18 04:17:32'),
(43, 'est', 'Nulla officia eos accusantium veritatis amet autem. Voluptas odit id et. Harum itaque dolores quia et velit rerum non.', 718, 2, 14, '2022-12-18 04:17:32', '2022-12-18 04:17:32'),
(44, 'exercitationem', 'Cumque sunt commodi dolorum et enim a error totam. Qui magni deserunt deleniti molestiae nulla voluptate ducimus.', 253, 9, 19, '2022-12-18 04:17:32', '2022-12-18 04:17:32'),
(45, 'quis', 'Ut aperiam odit doloribus quia. Ea quod ab et. Ad ut voluptatem doloremque tempore tempore.', 129, 5, 6, '2022-12-18 04:17:32', '2022-12-18 04:17:32'),
(46, 'et', 'Autem sunt aliquid voluptate impedit voluptas minima unde. Occaecati accusantium eveniet amet corporis quisquam deleniti. Blanditiis placeat et voluptates libero quia consequuntur velit.', 298, 0, 13, '2022-12-18 04:17:32', '2022-12-18 04:17:32'),
(47, 'iusto', 'Ab natus quas magni voluptatibus quisquam tenetur et. Non sed labore deserunt sunt dolorem. Quos ratione culpa sit molestiae non unde.', 190, 8, 11, '2022-12-18 04:17:32', '2022-12-18 04:17:32'),
(48, 'expedita', 'Omnis magni molestiae porro molestiae quidem sit. Sit occaecati culpa illum voluptas possimus modi. Autem eligendi recusandae doloremque perferendis aliquid non.', 224, 1, 8, '2022-12-18 04:17:32', '2022-12-18 04:17:32'),
(49, 'impedit', 'Voluptatibus explicabo ea omnis. Facilis praesentium et nesciunt est et vel quod. Qui architecto et in sint totam. Odit ducimus molestiae quaerat sint impedit vel voluptatem.', 235, 1, 21, '2022-12-18 04:17:32', '2022-12-18 04:17:32'),
(50, 'velit', 'Voluptatem iste fugit adipisci vel nihil at. Eum aut voluptate mollitia. Nostrum non laudantium consequuntur quasi.', 429, 2, 15, '2022-12-18 04:17:32', '2022-12-18 04:17:32');

-- --------------------------------------------------------

--
-- Table structure for table `rewiers`
--

DROP TABLE IF EXISTS `rewiers`;
CREATE TABLE IF NOT EXISTS `rewiers` (
  `id` bigint(20) UNSIGNED NOT NULL AUTO_INCREMENT,
  `product_id` int(10) UNSIGNED NOT NULL,
  `customer` varchar(255) COLLATE utf8_unicode_ci NOT NULL,
  `review` text COLLATE utf8_unicode_ci NOT NULL,
  `star` int(11) NOT NULL,
  `created_at` timestamp NULL DEFAULT NULL,
  `updated_at` timestamp NULL DEFAULT NULL,
  PRIMARY KEY (`id`),
  KEY `rewiers_product_id_index` (`product_id`)
) ENGINE=MyISAM AUTO_INCREMENT=301 DEFAULT CHARSET=utf8 COLLATE=utf8_unicode_ci;

--
-- Dumping data for table `rewiers`
--

INSERT INTO `rewiers` (`id`, `product_id`, `customer`, `review`, `star`, `created_at`, `updated_at`) VALUES
(1, 36, 'Gonzalo Howe', 'Omnis quia est officia. Reprehenderit excepturi aut error ipsam aut delectus placeat quo. Doloremque fugiat rem aut. Sed eum sit harum veritatis maxime saepe consequatur est.', 4, '2022-12-18 04:17:33', '2022-12-18 04:17:33'),
(2, 47, 'Rosalee Mitchell', 'Est quo sint omnis et voluptatem qui. Itaque velit ut perferendis quis in aliquid adipisci. Et rerum eligendi ipsam.', 5, '2022-12-18 04:17:33', '2022-12-18 04:17:33'),
(3, 22, 'Jany Franecki', 'Atque beatae voluptatibus necessitatibus nobis velit. Id laudantium quia rerum libero nesciunt non dolorem. Deleniti dolores non occaecati.', 3, '2022-12-18 04:17:33', '2022-12-18 04:17:33'),
(4, 27, 'Howell Spinka', 'Mollitia et laudantium ipsam enim ad quidem. Soluta harum ipsam quia reprehenderit quis iste. Est iure dolor ut saepe praesentium enim. Magni ut mollitia qui ducimus laboriosam quas et.', 5, '2022-12-18 04:17:33', '2022-12-18 04:17:33'),
(5, 20, 'Devin Schinner', 'Magnam et animi exercitationem eaque recusandae possimus aut. Sed alias aliquid sed in accusantium mollitia nostrum officia. Quisquam est dolorem nisi odio error labore architecto.', 2, '2022-12-18 04:17:33', '2022-12-18 04:17:33'),
(6, 17, 'Adan Hayes', 'Officiis reprehenderit eos mollitia eum vitae. Nihil nisi modi autem sequi. Recusandae beatae sequi est incidunt incidunt earum harum. Vero quia omnis aut dolores officiis.', 2, '2022-12-18 04:17:33', '2022-12-18 04:17:33'),
(7, 3, 'Prof. Shania McKenzie II', 'Aut facere ea optio deserunt excepturi. Eum consequatur et et quidem nam. Sequi nostrum nostrum enim qui.', 4, '2022-12-18 04:17:33', '2022-12-18 04:17:33'),
(8, 44, 'Iliana Rogahn', 'Et commodi ullam at cum autem tempore voluptas. Earum et quasi natus quisquam facilis in. Voluptatem assumenda omnis explicabo labore quam nostrum. Qui delectus deleniti expedita ipsa eaque et non.', 3, '2022-12-18 04:17:33', '2022-12-18 04:17:33'),
(9, 36, 'Finn O\'Kon', 'Et repellendus excepturi sit illum aut minima. Laudantium voluptatem odio exercitationem corporis. Nostrum velit beatae fugiat dolor cupiditate. Nihil iusto non totam nobis voluptatem sit quos.', 4, '2022-12-18 04:17:33', '2022-12-18 04:17:33'),
(10, 10, 'Prof. Mason Will', 'Voluptatem beatae cum rerum molestiae dolorum. Debitis repellendus recusandae id ut iusto debitis. Non et rerum quia amet inventore incidunt a. Quasi non consectetur et tempore qui provident.', 2, '2022-12-18 04:17:33', '2022-12-18 04:17:33'),
(11, 1, 'Concepcion Treutel', 'Ea officia sed et saepe eos cum. Et laborum voluptates id delectus enim. Officiis sint sit rerum fugit rerum quas. Eligendi libero voluptatem iure minima ullam et.', 1, '2022-12-18 04:17:33', '2022-12-18 04:17:33'),
(12, 27, 'Citlalli Hoppe', 'Non est commodi voluptate provident accusamus fugiat. Asperiores inventore et iste deleniti labore libero numquam. In officiis aliquid numquam corporis sapiente et accusamus. Eum laboriosam dolore aspernatur molestias. Et aut sed aut accusantium non voluptatem.', 1, '2022-12-18 04:17:33', '2022-12-18 04:17:33'),
(13, 11, 'Jeramy Turcotte', 'Eveniet corporis dolor molestias. Sint facere voluptates est architecto debitis. Sapiente eum nobis quos quis maxime minus adipisci.', 5, '2022-12-18 04:17:33', '2022-12-18 04:17:33'),
(14, 27, 'Jana Boehm', 'Ducimus nostrum culpa explicabo laboriosam itaque. Laboriosam est voluptate rerum voluptas beatae sint. Corporis aut qui sit nihil. Id et atque voluptas enim.', 4, '2022-12-18 04:17:33', '2022-12-18 04:17:33'),
(15, 35, 'Mary Schuster', 'Nobis nisi iure a itaque et. Atque eaque incidunt soluta. Qui eos nobis cum ut.', 1, '2022-12-18 04:17:33', '2022-12-18 04:17:33'),
(16, 17, 'Miss Ciara Huels', 'Accusamus consequuntur voluptatem enim officia. Aut sapiente aspernatur quisquam temporibus praesentium natus eum. Eum qui eum occaecati at delectus autem.', 1, '2022-12-18 04:17:33', '2022-12-18 04:17:33'),
(17, 40, 'Stanton Towne', 'Officia explicabo dolorem similique deserunt illum itaque. Optio quam saepe voluptate minus quod et. Quod deleniti dolorem optio quidem sed. Sed id sit quibusdam voluptatem quam sint.', 3, '2022-12-18 04:17:33', '2022-12-18 04:17:33'),
(18, 32, 'Carmine Bednar', 'Magni aut et voluptatibus architecto. Molestiae nam assumenda quisquam doloribus ut. Et perspiciatis nisi maiores ullam maxime in.', 5, '2022-12-18 04:17:33', '2022-12-18 04:17:33'),
(19, 15, 'Danial Deckow', 'Veniam saepe aut qui voluptatibus. Saepe dolorem vel maiores eaque. Cumque doloribus aut recusandae eum minima alias.', 3, '2022-12-18 04:17:33', '2022-12-18 04:17:33'),
(20, 29, 'Kian Murazik', 'Commodi sed voluptas optio cupiditate ipsam pariatur. Autem nostrum nobis eum. Enim ipsum qui occaecati voluptate.', 4, '2022-12-18 04:17:33', '2022-12-18 04:17:33'),
(21, 40, 'Mrs. Alanna Douglas', 'Velit omnis non quo blanditiis culpa sunt et aliquid. Eius ut ex eius. Quibusdam et enim nobis pariatur saepe.', 3, '2022-12-18 04:17:33', '2022-12-18 04:17:33'),
(22, 8, 'Conor Kris', 'Quae culpa nostrum consequatur et optio quae quae nisi. Optio voluptatem architecto quia modi quo unde nihil. Qui unde ut facilis qui illo. Saepe rerum deserunt a aut repellat placeat.', 2, '2022-12-18 04:17:33', '2022-12-18 04:17:33'),
(23, 10, 'Mr. Zachary Wehner DVM', 'Quia asperiores vel quibusdam aut sunt voluptate amet. Rerum sit eius voluptas blanditiis dolorum qui.', 3, '2022-12-18 04:17:33', '2022-12-18 04:17:33'),
(24, 14, 'Malika Torp Sr.', 'Earum laudantium sit sit. Et fugiat magni iusto corrupti quaerat ut illo. Sunt cum quos sint ipsam nihil blanditiis accusantium. Accusamus numquam eligendi labore ut. Dicta impedit sequi libero molestiae officia et veritatis pariatur.', 5, '2022-12-18 04:17:33', '2022-12-18 04:17:33'),
(25, 2, 'Mr. Tyreek Towne', 'Enim qui et dolorem eaque et sequi sed. Deleniti aliquid est accusamus et. Dolorum ea aut omnis occaecati maxime necessitatibus. Explicabo cupiditate dicta quasi dolorum est cumque quia cupiditate.', 3, '2022-12-18 04:17:33', '2022-12-18 04:17:33'),
(26, 19, 'Keagan Carroll', 'Aut esse quia sed maxime quia inventore. Est recusandae cupiditate eaque. Corporis est quisquam incidunt sit commodi.', 4, '2022-12-18 04:17:33', '2022-12-18 04:17:33'),
(27, 5, 'Mr. Julien Ziemann II', 'Quos autem nesciunt iste aut. Provident architecto aut fugit eos fugit ullam. Debitis consequuntur autem hic saepe eveniet sint. Occaecati laudantium aut atque dolores occaecati labore numquam.', 2, '2022-12-18 04:17:33', '2022-12-18 04:17:33'),
(28, 24, 'Brian Vandervort', 'Animi non nam quidem qui nihil et. Voluptatem debitis non accusamus assumenda iusto distinctio atque et. Aliquid ab ad quisquam consectetur eum.', 2, '2022-12-18 04:17:33', '2022-12-18 04:17:33'),
(29, 42, 'Cathrine Jones', 'Quidem vel quidem rem dicta est ad. Qui ipsum vitae atque rerum adipisci delectus consequatur. Quos ut laudantium et.', 2, '2022-12-18 04:17:33', '2022-12-18 04:17:33'),
(30, 44, 'Remington Satterfield', 'Ut et earum molestiae aut. Vero beatae vel laudantium unde dolor provident impedit quasi. Reprehenderit voluptas beatae quia dolor.', 5, '2022-12-18 04:17:33', '2022-12-18 04:17:33'),
(31, 7, 'Mrs. Tanya Bartell I', 'Illo quas excepturi molestiae vitae nihil nobis in. Voluptas cum nesciunt et quibusdam eum. Voluptatibus id corrupti quae amet quis.', 2, '2022-12-18 04:17:33', '2022-12-18 04:17:33'),
(32, 33, 'Colt Ullrich', 'Sunt rem id eum et natus. Rerum voluptas quaerat sit est ex explicabo nemo. Recusandae qui veniam dicta error nobis. Possimus vel quaerat molestiae a doloremque voluptatum quo. Voluptates officiis provident fuga.', 4, '2022-12-18 04:17:33', '2022-12-18 04:17:33'),
(33, 28, 'Clarabelle Krajcik', 'Consequatur qui sit nihil. Excepturi voluptatibus non non sed repellat unde. Aut blanditiis voluptatem labore eum ipsa quidem fugit similique.', 2, '2022-12-18 04:17:33', '2022-12-18 04:17:33'),
(34, 47, 'Vaughn Schaden DVM', 'Vel ea rem dignissimos. Vel rerum ut quas expedita ipsa. Et quibusdam eligendi laudantium qui voluptatibus.', 5, '2022-12-18 04:17:33', '2022-12-18 04:17:33'),
(35, 3, 'Alessandra Thiel', 'Qui tempore recusandae omnis ut. Nihil fugit quia a non exercitationem voluptatum. Qui atque asperiores quo.', 3, '2022-12-18 04:17:33', '2022-12-18 04:17:33'),
(36, 21, 'Trevion Hamill', 'Dolorum ullam qui amet accusamus cum. Nostrum rerum voluptates est facilis.', 4, '2022-12-18 04:17:33', '2022-12-18 04:17:33'),
(37, 20, 'Mr. Marco Torp Sr.', 'Voluptatum earum ab harum. Qui voluptatem ullam repellat et. Eos et quos ipsum omnis et maiores. Quas eligendi qui deserunt consequatur laborum sequi.', 2, '2022-12-18 04:17:33', '2022-12-18 04:17:33'),
(38, 23, 'Merritt Emmerich', 'Quidem ex repudiandae veniam natus sint atque ut dolores. Accusantium amet maxime molestiae quae ut voluptatem. Cumque sint molestiae quasi. Deleniti voluptas a rerum voluptatem maxime libero.', 2, '2022-12-18 04:17:33', '2022-12-18 04:17:33'),
(39, 1, 'Ms. Vada Schoen IV', 'Qui omnis et doloribus sit ex rerum est. Odio quasi qui rerum neque nesciunt dolorem. Iste ipsa nihil officiis nihil eum voluptatum.', 1, '2022-12-18 04:17:33', '2022-12-18 04:17:33'),
(40, 38, 'Marques Moore Sr.', 'Eos corporis libero doloremque voluptatem doloribus perferendis. Fugiat illum sint perspiciatis ratione quod adipisci quis nulla. Nemo vel consectetur quidem tenetur nam. Et temporibus voluptate reiciendis nobis.', 2, '2022-12-18 04:17:33', '2022-12-18 04:17:33'),
(41, 44, 'Florencio Cummings', 'Consectetur ipsam omnis ut voluptate aperiam at animi. Quia aut et qui reprehenderit et. Quod in reprehenderit sunt consequuntur nulla ut maxime.', 2, '2022-12-18 04:17:33', '2022-12-18 04:17:33'),
(42, 36, 'Ms. Astrid Bosco', 'Cum nulla ea iure voluptatem cum libero. Fugiat magni vel laudantium consequatur excepturi.', 4, '2022-12-18 04:17:33', '2022-12-18 04:17:33'),
(43, 27, 'Isaias Schmidt DDS', 'Aut et eum id nemo corporis. Tempore cum rem quibusdam consequuntur recusandae consectetur possimus hic. Pariatur quasi ex delectus corporis. Et quibusdam vel sit est voluptatum quo facere.', 4, '2022-12-18 04:17:33', '2022-12-18 04:17:33'),
(44, 20, 'Rosanna Romaguera', 'Architecto est quia quas exercitationem. Repellat velit iusto consequatur voluptas hic accusantium. Doloribus rerum eaque expedita a vel. Quas delectus et qui qui dolorum quia.', 5, '2022-12-18 04:17:33', '2022-12-18 04:17:33'),
(45, 45, 'Jazlyn Hane', 'Quisquam totam soluta laudantium voluptatem omnis. Consectetur labore beatae cum sit. Vitae debitis ut veniam id sit est omnis.', 4, '2022-12-18 04:17:33', '2022-12-18 04:17:33'),
(46, 22, 'Miller Schiller', 'Officia qui nulla minima in unde. Quis dolorem sunt sit rerum. Sed id nihil et illum itaque. Vitae optio quaerat sed nihil.', 5, '2022-12-18 04:17:33', '2022-12-18 04:17:33'),
(47, 4, 'Dr. Armand Pfeffer', 'Eveniet et et dolorem et distinctio excepturi illum asperiores. Sed enim qui qui qui necessitatibus aut. Iste omnis sunt et consequuntur ex. Omnis illum in nihil qui temporibus. Est in repellat consequatur et maxime voluptates.', 1, '2022-12-18 04:17:33', '2022-12-18 04:17:33'),
(48, 5, 'Scarlett Kassulke', 'Ab debitis mollitia sapiente. Maxime illum sit modi distinctio sint. Ut blanditiis iste ad reprehenderit non dolor. Modi assumenda molestias et vitae rerum perspiciatis veritatis.', 5, '2022-12-18 04:17:33', '2022-12-18 04:17:33'),
(49, 4, 'Julius Osinski', 'Modi dolores culpa nostrum amet repudiandae omnis doloremque. Eum autem aut fugiat ab quis sint debitis. Aut cupiditate ullam perferendis alias eum suscipit. Aut suscipit culpa distinctio dolorem.', 4, '2022-12-18 04:17:33', '2022-12-18 04:17:33'),
(50, 46, 'Bernhard Rice', 'Dolorem consectetur dolorum sed nesciunt atque placeat possimus. Dicta velit pariatur rerum. Ut occaecati id fugit et et. Reiciendis voluptate rerum sint numquam ut velit quia. Exercitationem quam nihil aperiam et.', 4, '2022-12-18 04:17:33', '2022-12-18 04:17:33'),
(51, 39, 'Mohamed Stracke Sr.', 'Itaque sit natus ex rerum aspernatur aliquam. Asperiores vero ratione totam hic rerum. Error ipsam nesciunt ducimus esse ut reiciendis. Qui dolor explicabo qui.', 4, '2022-12-18 04:17:33', '2022-12-18 04:17:33'),
(52, 27, 'Prof. Aryanna Hegmann III', 'Voluptatem vitae rerum laborum rerum voluptatem quia. Vero aspernatur dolorem doloremque eum consequatur. Id enim ad vel neque dolor deserunt.', 4, '2022-12-18 04:17:33', '2022-12-18 04:17:33'),
(53, 32, 'Jennyfer Deckow', 'Corporis molestiae ea minus dolor et porro quia. Fuga vel quisquam mollitia porro soluta tempora voluptatem. Quis aut eaque aut voluptatem accusantium inventore sunt tempore. Iste voluptatem pariatur quam qui quo.', 3, '2022-12-18 04:17:33', '2022-12-18 04:17:33'),
(54, 40, 'Americo Padberg', 'Culpa tempore non laudantium repellat ut ea voluptas. Perspiciatis nulla sint et quam rerum. Et rerum dolores fugit minima.', 4, '2022-12-18 04:17:33', '2022-12-18 04:17:33'),
(55, 16, 'Prof. Maegan Hand', 'Perferendis officia est repudiandae qui voluptatibus eos. Tenetur enim ducimus modi ipsum. Officia ipsum quisquam velit quia dolorem consequatur. Placeat recusandae dolorem aut ullam neque.', 2, '2022-12-18 04:17:33', '2022-12-18 04:17:33'),
(56, 10, 'Horace Dach', 'At doloremque recusandae sed alias itaque dolor hic commodi. Consequuntur voluptate in sed vel facere.', 5, '2022-12-18 04:17:33', '2022-12-18 04:17:33'),
(57, 14, 'Dr. Jermey Becker', 'Reprehenderit tenetur aspernatur sed minus. Aut molestias eius repellendus qui aut reiciendis eveniet molestias. Eos cumque error nesciunt et. Est voluptas voluptatem repellendus distinctio atque consequatur atque. Qui ea dolore beatae repellendus quas illum reprehenderit.', 1, '2022-12-18 04:17:33', '2022-12-18 04:17:33'),
(58, 3, 'Veda Hammes', 'Amet deserunt qui explicabo labore sed expedita. Laborum accusamus itaque eaque ut sed. Sint voluptatum facilis et perspiciatis ipsum voluptatem. Numquam architecto sint est repudiandae omnis ab. Aut et omnis voluptatibus et non facere rem.', 5, '2022-12-18 04:17:33', '2022-12-18 04:17:33'),
(59, 36, 'Carolanne Leannon', 'Et omnis unde provident voluptatem. Architecto dignissimos odit molestias consequatur porro alias. Sit totam in ipsa deleniti rerum illo.', 5, '2022-12-18 04:17:33', '2022-12-18 04:17:33'),
(60, 24, 'Camryn Waters', 'Facere similique aliquid reprehenderit ipsam odio. Sunt fugit nobis quos. Ipsam qui nihil ea omnis repudiandae minima. Corrupti nesciunt et provident vero excepturi ut necessitatibus quas.', 2, '2022-12-18 04:17:33', '2022-12-18 04:17:33'),
(61, 2, 'Prof. Cornell Morar', 'Accusantium error porro aut sint quia autem in. Et et excepturi dolores. Incidunt dignissimos est illum. Dignissimos harum totam rerum.', 5, '2022-12-18 04:17:33', '2022-12-18 04:17:33'),
(62, 17, 'Niko Paucek', 'Earum ad et aut. Minus harum saepe error repudiandae. Distinctio eaque cumque libero reiciendis sunt maiores corrupti. Fuga ut at veritatis pariatur magni quia officia.', 4, '2022-12-18 04:17:33', '2022-12-18 04:17:33'),
(63, 14, 'Clifford Volkman', 'Omnis aut voluptas consequatur praesentium rem labore. Et aperiam voluptas odio. Et quia saepe et repellendus tenetur.', 3, '2022-12-18 04:17:33', '2022-12-18 04:17:33'),
(64, 11, 'Nola Eichmann', 'Quod repellendus reprehenderit sint nisi voluptas. Cum ea cumque eaque. Corrupti eum totam qui dolores iste vel. Asperiores quia molestias repellat quae voluptatem.', 2, '2022-12-18 04:17:33', '2022-12-18 04:17:33'),
(65, 33, 'Ashly Metz', 'Minima aut voluptas maxime et ex molestiae iste perspiciatis. Reiciendis similique quae est. Impedit maxime at ex omnis. Maiores laboriosam ea corrupti.', 5, '2022-12-18 04:17:33', '2022-12-18 04:17:33'),
(66, 24, 'Leopoldo Hintz', 'Aut ducimus nihil reprehenderit officia dolorum dolor et sit. Rem soluta id laborum a. Non rerum dolor et aut sit sequi. Voluptate quis a ut est delectus unde dolores.', 4, '2022-12-18 04:17:33', '2022-12-18 04:17:33'),
(67, 50, 'Reyes Moen', 'Suscipit sed aut at quo esse id. Eveniet sed ab itaque ut voluptatum nulla laboriosam consectetur. Quia recusandae sunt et veniam ex error. Neque qui optio officiis et ipsam doloremque et est.', 2, '2022-12-18 04:17:33', '2022-12-18 04:17:33'),
(68, 41, 'Donavon Schaefer', 'Pariatur enim harum veritatis facere distinctio non. Hic in illo quibusdam labore dolorem dolor aut. Autem voluptatem modi quia quia aut autem. Rerum distinctio dolore quas.', 3, '2022-12-18 04:17:33', '2022-12-18 04:17:33'),
(69, 30, 'Jimmy Lesch', 'Id ab dolorem voluptas numquam officia et. Voluptatum ad optio et. Ut quam et mollitia accusamus voluptate dicta.', 2, '2022-12-18 04:17:33', '2022-12-18 04:17:33'),
(70, 7, 'Ms. Ressie Romaguera Sr.', 'Sunt et nesciunt ut fugiat et. Ut ipsum aut nihil aut sed nulla quia aspernatur. Asperiores temporibus molestiae sapiente sunt. Dolorem quia eligendi rerum accusantium eveniet autem.', 2, '2022-12-18 04:17:33', '2022-12-18 04:17:33'),
(71, 20, 'Ms. Serenity Halvorson Sr.', 'Nobis blanditiis expedita voluptatem soluta laudantium. Ipsam laborum ipsam magni voluptas natus excepturi molestias. Quaerat harum optio voluptate voluptatibus.', 4, '2022-12-18 04:17:33', '2022-12-18 04:17:33'),
(72, 5, 'Wyatt Senger', 'Similique aliquam sint sunt cupiditate autem quia sint. Vel possimus reiciendis non quia perferendis voluptatem. Beatae non numquam aut aliquid distinctio. Qui possimus pariatur nesciunt quia sunt dolorem ab.', 1, '2022-12-18 04:17:33', '2022-12-18 04:17:33'),
(73, 14, 'Alexandria O\'Kon', 'Velit corrupti nemo et totam. Natus iusto aut commodi perspiciatis accusamus nulla et voluptatem. Nisi ea sed omnis est enim ab tempore.', 1, '2022-12-18 04:17:33', '2022-12-18 04:17:33'),
(74, 7, 'Dr. Whitney Price III', 'Quia atque qui aliquam quas iusto. Laudantium omnis ex et dicta et sit commodi. Quos illum sunt consectetur quis quibusdam quos sit.', 2, '2022-12-18 04:17:33', '2022-12-18 04:17:33'),
(75, 49, 'Prof. Jessy Swaniawski', 'Ut fuga tempora consequuntur est quis. Rem labore placeat corporis rem expedita occaecati. Non nulla corrupti voluptas odit.', 2, '2022-12-18 04:17:33', '2022-12-18 04:17:33'),
(76, 37, 'Melissa Wilkinson', 'Mollitia in quia reiciendis aliquam voluptatem aperiam et. Sit aut aut ullam architecto. Porro dolores voluptatem quam omnis quo eum.', 2, '2022-12-18 04:17:33', '2022-12-18 04:17:33'),
(77, 17, 'Mr. Franco Weimann Sr.', 'Reprehenderit qui cupiditate culpa ullam iusto voluptas et. Qui quos nihil vitae perferendis. Quae ut laborum sed esse. Et laborum totam dolorem dolorum et sed in.', 5, '2022-12-18 04:17:33', '2022-12-18 04:17:33'),
(78, 22, 'Alayna Cassin', 'Alias maxime molestiae magni corporis aut soluta occaecati quasi. Eos corporis qui adipisci quae mollitia. Beatae fugit voluptatem qui cupiditate consequatur quibusdam fugiat fuga.', 1, '2022-12-18 04:17:33', '2022-12-18 04:17:33'),
(79, 12, 'Prof. Arjun Kub', 'Fuga necessitatibus fugit sed alias molestiae ut at. Debitis qui delectus voluptatum distinctio. Sed reiciendis nulla laboriosam. Earum dolorem inventore fuga labore et ut dolor iusto.', 4, '2022-12-18 04:17:33', '2022-12-18 04:17:33'),
(80, 24, 'Miss Margot Konopelski', 'Saepe consectetur quia sed omnis praesentium ut odio. Nemo inventore sunt molestiae quas quam mollitia tempora deleniti. Accusantium et sequi nisi rem aut pariatur.', 3, '2022-12-18 04:17:33', '2022-12-18 04:17:33'),
(81, 10, 'Hudson Daniel', 'Iure quibusdam sit consequuntur. Repellendus sit veniam voluptate veritatis. Ipsam dolore quam veniam harum consequatur.', 1, '2022-12-18 04:17:33', '2022-12-18 04:17:33'),
(82, 47, 'Rosemary Torp', 'Ea non neque dolorem et. Itaque qui qui quibusdam. Consequuntur est quod ratione officia ad. Nulla totam voluptas natus hic velit numquam.', 5, '2022-12-18 04:17:33', '2022-12-18 04:17:33'),
(83, 48, 'Grant Littel', 'Hic sed praesentium commodi. Voluptatum accusamus non est alias.', 2, '2022-12-18 04:17:33', '2022-12-18 04:17:33'),
(84, 36, 'Esteban Trantow', 'Consequatur minus ipsam voluptatem repellendus quasi. Reiciendis modi esse nisi. Eos sapiente expedita et beatae non. Quaerat at et dolore libero ut in iste.', 5, '2022-12-18 04:17:33', '2022-12-18 04:17:33'),
(85, 30, 'Dr. Allen Davis MD', 'Eius quos sit repellat libero. A voluptatem tenetur et. Quasi aut fugit non iusto. Ut corrupti placeat enim sit ducimus. Ducimus consequatur voluptas labore.', 3, '2022-12-18 04:17:33', '2022-12-18 04:17:33'),
(86, 26, 'Deonte Wyman Jr.', 'Quo impedit tempora temporibus blanditiis error dolor non. Voluptatum nisi minus eum non voluptatem.', 3, '2022-12-18 04:17:33', '2022-12-18 04:17:33'),
(87, 20, 'Mr. Noah Kertzmann', 'Vitae natus quos dolorem enim at similique eius quia. Possimus id commodi consequatur perferendis non placeat deserunt. Sunt repudiandae itaque blanditiis ea maxime excepturi. Sunt veniam tempora autem ut quo non.', 5, '2022-12-18 04:17:33', '2022-12-18 04:17:33'),
(88, 35, 'Jerrod Morar', 'Ut quibusdam neque rerum explicabo temporibus. Est non quaerat itaque voluptatum veniam nihil. Veniam quam dolorem saepe in ut labore et. Omnis rerum necessitatibus sint occaecati ab in temporibus. Voluptatum velit veniam maxime explicabo vel.', 1, '2022-12-18 04:17:33', '2022-12-18 04:17:33'),
(89, 2, 'Domenica Fahey', 'Velit ex officiis cum doloremque velit id culpa. Veniam ex minus ut voluptatem animi. Ut velit ipsam sed neque eveniet.', 4, '2022-12-18 04:17:33', '2022-12-18 04:17:33'),
(90, 26, 'Delia Marvin', 'Ea aperiam est corrupti consequatur quis rem. Ratione est totam nihil hic consequatur ut doloribus. Perspiciatis sit iusto impedit deleniti. Minima corrupti corporis quos doloremque quisquam.', 5, '2022-12-18 04:17:33', '2022-12-18 04:17:33'),
(91, 12, 'Lonny Kulas', 'Voluptate error nostrum velit occaecati maxime necessitatibus consectetur. Sed quod et ut et libero quia corrupti. Eveniet dolorem veniam pariatur et tempora laudantium.', 4, '2022-12-18 04:17:33', '2022-12-18 04:17:33'),
(92, 18, 'Miss Bria Becker DDS', 'Placeat porro et excepturi laboriosam. Impedit unde culpa cupiditate voluptatibus earum. Et sunt modi optio maiores.', 2, '2022-12-18 04:17:33', '2022-12-18 04:17:33'),
(93, 48, 'Prof. Erik Hudson', 'Nihil tenetur cumque totam sit. In reprehenderit aspernatur repudiandae. Qui nam non laboriosam ut quo aliquam omnis accusamus. Sint expedita ex fugiat.', 3, '2022-12-18 04:17:33', '2022-12-18 04:17:33'),
(94, 41, 'Dr. Charity Paucek', 'Alias qui quam et et omnis quod saepe. At atque natus quia.', 3, '2022-12-18 04:17:33', '2022-12-18 04:17:33'),
(95, 30, 'Nyasia Bergstrom', 'Nostrum omnis fugiat iste qui nam sint. Totam cumque explicabo architecto nisi qui. Ex illum dolorem exercitationem. Itaque voluptatibus sed voluptatem et omnis.', 1, '2022-12-18 04:17:33', '2022-12-18 04:17:33'),
(96, 11, 'Mauricio Aufderhar', 'Non sit provident rem natus voluptatem tempore. Qui autem repellendus assumenda delectus ad animi expedita modi. Aut enim cumque nihil sit ipsum nobis sed.', 1, '2022-12-18 04:17:33', '2022-12-18 04:17:33'),
(97, 26, 'Michale Metz', 'Impedit nulla culpa optio quam. Velit impedit repellat et quis. Temporibus est et labore quia non quasi. Amet quis quod in ratione tenetur officiis.', 3, '2022-12-18 04:17:33', '2022-12-18 04:17:33'),
(98, 34, 'Creola Nicolas', 'Et sed minima autem ut. Inventore incidunt nemo consequatur commodi maxime. Odit at rerum dignissimos dolorem praesentium perferendis.', 4, '2022-12-18 04:17:33', '2022-12-18 04:17:33'),
(99, 27, 'Dr. Ethelyn White IV', 'Vitae omnis perferendis eligendi eius neque. Consequatur voluptas minima eaque amet fugit. Eum in alias molestiae quo. Occaecati et est labore est et.', 2, '2022-12-18 04:17:33', '2022-12-18 04:17:33'),
(100, 17, 'Bradly Lesch', 'Culpa ullam quam vero. Nisi asperiores eum deserunt laudantium repudiandae rerum similique qui. Sint quasi sint ipsum aperiam saepe.', 2, '2022-12-18 04:17:33', '2022-12-18 04:17:33'),
(101, 36, 'Otto Kessler', 'Voluptatem eos aut officia ducimus rerum incidunt. Nobis error aspernatur a molestias est quod fugiat. Error dolore eaque dolorem et voluptatum consectetur et totam.', 1, '2022-12-18 04:17:33', '2022-12-18 04:17:33'),
(102, 15, 'Mittie Cremin', 'Velit et delectus maxime perspiciatis maxime dolorum aut. Qui quia totam et voluptas. Et et aut rem vitae molestiae.', 5, '2022-12-18 04:17:33', '2022-12-18 04:17:33'),
(103, 40, 'Elna Weber III', 'Sunt rerum accusantium excepturi eos ut et. Tenetur nam qui veniam ducimus ipsa quis. Ducimus consequuntur quam et asperiores assumenda ut qui deserunt. Magni consequatur quaerat suscipit officia.', 1, '2022-12-18 04:17:33', '2022-12-18 04:17:33'),
(104, 8, 'Mathilde Miller', 'Possimus enim enim veniam. Delectus maiores odio vel id error non aliquid. Ea corrupti est asperiores consectetur quos quos voluptas dolorem.', 3, '2022-12-18 04:17:33', '2022-12-18 04:17:33'),
(105, 36, 'Mr. Julian Baumbach', 'Rerum laboriosam magnam molestiae quia quos qui quas hic. Nesciunt odio commodi ut aperiam quo consequatur est aliquid. Velit dignissimos placeat rerum necessitatibus eius delectus. Deserunt dicta dolorem facilis voluptas dolorem. Soluta asperiores vitae voluptatem iste.', 1, '2022-12-18 04:17:33', '2022-12-18 04:17:33'),
(106, 4, 'Prof. Emerald Hessel', 'Facere voluptatibus id sunt. Velit voluptatem accusamus dicta accusamus. Aspernatur aut corporis qui omnis. Qui quisquam eius reiciendis vel eos ipsam placeat.', 3, '2022-12-18 04:17:33', '2022-12-18 04:17:33'),
(107, 38, 'Candace Osinski', 'Molestias cumque incidunt non dolor voluptates dignissimos aut omnis. Necessitatibus deserunt molestiae aut et explicabo voluptatem veniam. Quae iusto distinctio totam molestias iure.', 4, '2022-12-18 04:17:33', '2022-12-18 04:17:33'),
(108, 19, 'Charley Wuckert', 'Neque odit architecto tempore occaecati. Et possimus illum ea aut consequatur ipsum aut. Corrupti qui vitae officia. Ex sapiente dolorum et reiciendis reprehenderit.', 4, '2022-12-18 04:17:33', '2022-12-18 04:17:33'),
(109, 26, 'Kasey Hirthe V', 'Culpa iste quibusdam asperiores eaque voluptas. Voluptas vel dolor dolores adipisci nisi. Omnis in facere laborum. Eius omnis magni pariatur in dicta.', 1, '2022-12-18 04:17:33', '2022-12-18 04:17:33'),
(110, 16, 'Mrs. Daniella Kerluke Sr.', 'Porro enim porro voluptas nihil. Atque perferendis cum cum ipsum quaerat illo. Earum commodi laboriosam consequatur cupiditate.', 1, '2022-12-18 04:17:33', '2022-12-18 04:17:33'),
(111, 5, 'Ms. Vella Weissnat DVM', 'Quibusdam totam dolorem distinctio quis ipsum necessitatibus. Facere vel id similique ut consequatur fugit. Similique ipsam fugit commodi aut necessitatibus maiores. Quidem vel et officia eos vero temporibus blanditiis est.', 5, '2022-12-18 04:17:33', '2022-12-18 04:17:33'),
(112, 27, 'Julio Lueilwitz III', 'Nemo neque a adipisci. Aut at sequi eum nostrum. Est aut ipsum sit laborum voluptatum molestiae adipisci.', 4, '2022-12-18 04:17:33', '2022-12-18 04:17:33'),
(113, 19, 'Kasandra Wunsch', 'Facere consequatur consectetur laboriosam architecto. Quia ad nesciunt qui doloremque et quia. Sunt quis similique ad. Rerum quidem repudiandae ipsa nostrum.', 2, '2022-12-18 04:17:33', '2022-12-18 04:17:33'),
(114, 46, 'Joanie Marquardt III', 'Porro corrupti sit aut omnis quia exercitationem. Repellat quas ipsum magni aut recusandae aut. Iusto sed quod eum eius sit. Ea veritatis veritatis eum asperiores et amet.', 2, '2022-12-18 04:17:33', '2022-12-18 04:17:33'),
(115, 7, 'Mr. Chet Zboncak', 'Porro id voluptatem dicta sit alias aperiam voluptatem. Et vero consequuntur voluptatem repellendus autem sapiente. Sint vel eos aut cum quaerat impedit. Fugit nostrum tempore atque ab consequuntur iure.', 3, '2022-12-18 04:17:33', '2022-12-18 04:17:33'),
(116, 48, 'Peggie Kuphal', 'Quidem aspernatur aut atque aut molestiae tempora aspernatur est. Nulla a qui voluptas corrupti id totam. Aut odio consequatur voluptates recusandae ratione aut eius porro. Consequatur incidunt sit molestias quos et ipsa corrupti molestiae. Qui iure aut ex.', 4, '2022-12-18 04:17:33', '2022-12-18 04:17:33'),
(117, 2, 'Mr. Orville Hauck', 'Dolore ipsam quam nisi aut eos alias nisi. Esse voluptas dolorem possimus voluptas est ipsum magnam. Voluptas delectus in labore sint exercitationem quisquam vero. Dolores sit sunt ut expedita cupiditate dignissimos accusantium.', 1, '2022-12-18 04:17:33', '2022-12-18 04:17:33'),
(118, 2, 'Tierra Keeling DDS', 'Consequuntur officiis labore voluptate est voluptas illo. Non est veniam rerum omnis. Ut nostrum vel eaque.', 2, '2022-12-18 04:17:33', '2022-12-18 04:17:33'),
(119, 24, 'Retha Fay', 'Possimus ipsum non sint fugiat tenetur aut. Harum magni vel libero numquam et eius. Atque et voluptatem dolore ullam rerum. Sint aut deleniti vero rerum alias est nisi.', 5, '2022-12-18 04:17:33', '2022-12-18 04:17:33'),
(120, 6, 'Teresa Brown', 'Laborum quo dolores saepe sequi. Alias praesentium qui pariatur praesentium similique libero. Est ut ea id eos eos eligendi in.', 2, '2022-12-18 04:17:33', '2022-12-18 04:17:33'),
(121, 13, 'Edward Volkman', 'Ratione quisquam exercitationem architecto consequatur cum necessitatibus. Ea laborum odio velit eum esse iure.', 4, '2022-12-18 04:17:33', '2022-12-18 04:17:33'),
(122, 39, 'Dr. Chauncey Veum', 'Aut et magni quia dolor magnam laboriosam vel dicta. Cum et quis excepturi consequuntur totam et fugit. Voluptatem et at dolorem aut deleniti incidunt in consequatur. Ut aliquam sit est eius. Quasi deserunt voluptatem mollitia molestiae.', 4, '2022-12-18 04:17:33', '2022-12-18 04:17:33'),
(123, 45, 'Prof. Marta Koch V', 'Sunt voluptate laborum saepe quis illum at. Rerum sit corrupti temporibus natus numquam facere. Dignissimos ut dolorem in quia quidem.', 3, '2022-12-18 04:17:33', '2022-12-18 04:17:33'),
(124, 2, 'Prof. Johnpaul Stokes V', 'Voluptatem et voluptate ut molestias possimus. Mollitia quasi assumenda minus aut blanditiis.', 5, '2022-12-18 04:17:33', '2022-12-18 04:17:33'),
(125, 21, 'Dr. Shad Heaney', 'Iusto natus officiis modi et eius. Blanditiis sit voluptates nobis ullam eos. Et ab rem dicta nemo porro. Dolore quos veniam ut nam reiciendis recusandae. Voluptatibus non sequi voluptas voluptas quis blanditiis magni quis.', 4, '2022-12-18 04:17:33', '2022-12-18 04:17:33'),
(126, 13, 'Kathlyn Hills', 'Ut qui atque cupiditate non labore vero nihil praesentium. Nulla distinctio velit ipsum qui. Sapiente aut minima qui dolore ut. Id aut vel a necessitatibus sed aperiam qui eveniet.', 4, '2022-12-18 04:17:33', '2022-12-18 04:17:33'),
(127, 49, 'Robb Kerluke', 'Maxime fugiat ut consequatur iste. Quas inventore et ex aliquam. Officiis itaque labore praesentium ratione esse.', 4, '2022-12-18 04:17:33', '2022-12-18 04:17:33'),
(128, 33, 'Prof. Summer Stokes', 'Enim architecto ut voluptate cupiditate quos voluptatum. Animi unde aut placeat in ut debitis maxime exercitationem. Modi voluptates quia provident dolor voluptatem.', 4, '2022-12-18 04:17:33', '2022-12-18 04:17:33'),
(129, 34, 'Dr. Candice Beier Sr.', 'Reprehenderit tempore impedit quo corrupti laudantium maxime. Quidem qui sed et odio quia qui neque. Alias pariatur veniam cum corrupti vero. Delectus ad minus recusandae. Blanditiis nulla et dolor quisquam ratione ut et.', 2, '2022-12-18 04:17:33', '2022-12-18 04:17:33'),
(130, 26, 'Prof. Delphine Pollich V', 'Qui iste qui ut est nostrum quasi. Iure tenetur sequi voluptatibus ratione at nostrum accusantium. Veritatis dignissimos quis consequatur neque illo ut quidem.', 4, '2022-12-18 04:17:33', '2022-12-18 04:17:33'),
(131, 6, 'Dr. Leonard Lang', 'Sit dolores deleniti fuga accusantium dolore est. Ad eum et ex at ratione doloremque in. Possimus aliquam labore dolorum et.', 1, '2022-12-18 04:17:33', '2022-12-18 04:17:33'),
(132, 16, 'Lester Mueller PhD', 'Modi sed sit excepturi ut iste aut atque dolor. Molestiae neque excepturi minus soluta aut qui. Earum autem a necessitatibus fugiat. Illum numquam qui nobis est laboriosam.', 5, '2022-12-18 04:17:33', '2022-12-18 04:17:33'),
(133, 20, 'Tomasa Hayes II', 'Ut tempora magnam modi et. Aperiam nesciunt et sit rerum blanditiis. Aspernatur ut earum veniam fuga quia a. Cumque consequatur distinctio reprehenderit velit dolorum vel perferendis.', 4, '2022-12-18 04:17:33', '2022-12-18 04:17:33'),
(134, 4, 'Charlotte O\'Keefe', 'Qui quis vel et recusandae. Blanditiis qui ut aut enim ratione facilis quisquam. Nostrum ad ut quae nam voluptatibus autem illum.', 5, '2022-12-18 04:17:33', '2022-12-18 04:17:33'),
(135, 6, 'Osborne Breitenberg', 'Alias et et dolorem labore non ipsa quae. Inventore quae aspernatur accusantium. Consequatur dolor qui id expedita. Provident accusamus sunt placeat.', 2, '2022-12-18 04:17:33', '2022-12-18 04:17:33'),
(136, 25, 'Ashlee Boehm', 'In recusandae rem aut. Suscipit suscipit et harum corrupti. Quia rem amet veritatis neque est porro ut.', 1, '2022-12-18 04:17:33', '2022-12-18 04:17:33'),
(137, 49, 'Isai Rogahn', 'Fugit ut non consequatur dolorem. Et ratione qui quia nisi non asperiores. Qui pariatur nam rerum et alias deleniti. Voluptates quia soluta eos sit et placeat fugiat.', 2, '2022-12-18 04:17:33', '2022-12-18 04:17:33'),
(138, 19, 'Holden Labadie', 'Sint at quo omnis rem aut sed. Magni optio rerum sed nesciunt. Velit necessitatibus ut et quibusdam.', 1, '2022-12-18 04:17:33', '2022-12-18 04:17:33'),
(139, 4, 'Abdul Abshire', 'Porro explicabo rerum consequuntur qui architecto fugit modi. Repudiandae ad quam ratione ut totam fuga iure quam. Officiis est sapiente qui nobis sit. Quaerat numquam eius voluptas.', 2, '2022-12-18 04:17:33', '2022-12-18 04:17:33'),
(140, 34, 'Benton Ondricka', 'Quia placeat ut pariatur. Et eum aut sunt corrupti repellendus fugit est. Iste officiis enim est eaque et qui. Cupiditate id exercitationem odit sapiente temporibus modi repellendus ut.', 4, '2022-12-18 04:17:33', '2022-12-18 04:17:33'),
(141, 48, 'Jabari Gutkowski II', 'Saepe blanditiis suscipit et maiores ut omnis. Qui quod asperiores assumenda sit ipsam. Aut repellat modi repellendus ipsum numquam debitis. Fugiat amet natus enim reiciendis. Voluptatibus ea sed est labore alias minima.', 1, '2022-12-18 04:17:33', '2022-12-18 04:17:33'),
(142, 43, 'Mr. Gregg Frami II', 'Sit dolorum vel tempora. Delectus quisquam quos dolore ea. Sint est nobis distinctio accusantium placeat voluptate rerum.', 2, '2022-12-18 04:17:33', '2022-12-18 04:17:33'),
(143, 16, 'Dr. Jerrold Bechtelar', 'Rem nihil incidunt mollitia ullam dignissimos alias. Natus exercitationem sapiente ducimus sunt velit tempora. Consequatur aliquam ut sunt quis molestiae hic officiis. Iusto enim voluptatem ullam nihil inventore dicta.', 2, '2022-12-18 04:17:33', '2022-12-18 04:17:33'),
(144, 48, 'Prof. Robyn Hoppe MD', 'Aut temporibus unde nulla reprehenderit. Reiciendis consequatur excepturi ducimus culpa nemo et cupiditate. Explicabo et dolores ut consequatur id cupiditate.', 4, '2022-12-18 04:17:33', '2022-12-18 04:17:33'),
(145, 29, 'Phoebe Schaefer', 'Aliquid quaerat itaque repudiandae rerum. At at asperiores explicabo odio cumque sit quaerat rerum.', 2, '2022-12-18 04:17:33', '2022-12-18 04:17:33'),
(146, 16, 'Laverne Hodkiewicz', 'Sequi quia laudantium perspiciatis qui odit voluptatem aspernatur. Incidunt velit sequi et impedit est. Quidem consequuntur maxime molestiae modi.', 4, '2022-12-18 04:17:33', '2022-12-18 04:17:33'),
(147, 18, 'Claud Reinger', 'Error perferendis odio earum rem voluptatem totam suscipit ipsum. Ipsa recusandae animi dolorem neque et ducimus possimus. Rerum corrupti ducimus id dignissimos repudiandae nihil sapiente.', 5, '2022-12-18 04:17:33', '2022-12-18 04:17:33'),
(148, 45, 'Elda Ernser', 'Earum sed error sed quia. Animi cumque ratione minima quo atque. Quia assumenda molestias expedita quas nesciunt eum.', 2, '2022-12-18 04:17:33', '2022-12-18 04:17:33'),
(149, 6, 'Miss Juana Beer V', 'Iste error ipsum magnam eius voluptas voluptas. Et eum hic soluta corrupti.', 1, '2022-12-18 04:17:33', '2022-12-18 04:17:33'),
(150, 21, 'Bettye Trantow', 'Aperiam est maiores rem consectetur assumenda nesciunt voluptatem. Deserunt enim sed cum quae et modi illo. Quidem debitis rerum sit doloribus labore. Tempora enim animi qui sequi.', 3, '2022-12-18 04:17:33', '2022-12-18 04:17:33'),
(151, 24, 'Dr. Ashlynn Hoeger IV', 'At numquam natus dolor animi culpa dignissimos ea quia. Exercitationem minus quo rem ad. Officia eligendi ut animi nihil quibusdam suscipit praesentium ullam. In et consequuntur iure.', 4, '2022-12-18 04:17:33', '2022-12-18 04:17:33'),
(152, 24, 'Adolph McDermott', 'Repudiandae voluptatem laboriosam illo quis omnis nihil quia. Ea iure harum non eveniet sit. Iste eaque corporis quo impedit sunt.', 1, '2022-12-18 04:17:33', '2022-12-18 04:17:33'),
(153, 28, 'Sydni Wiegand', 'Veniam ducimus vitae et. Dolorem et voluptatibus nobis et qui enim. Veniam aut maiores nobis.', 3, '2022-12-18 04:17:33', '2022-12-18 04:17:33'),
(154, 13, 'Khalid Dickens', 'Quam quidem commodi quaerat ratione corporis ab dignissimos. Quam quia sunt unde dolorem provident dolores. Nemo laboriosam in cum dolor incidunt. Voluptas beatae omnis natus accusantium aut provident excepturi.', 2, '2022-12-18 04:17:33', '2022-12-18 04:17:33'),
(155, 8, 'Eleonore McClure', 'Maxime assumenda aut nulla iste nobis ut. Consequatur sit aut fugit. Amet sit quia placeat numquam totam. Consectetur praesentium perspiciatis praesentium at deleniti voluptates. Omnis aut qui quas omnis omnis vero sed.', 5, '2022-12-18 04:17:33', '2022-12-18 04:17:33'),
(156, 39, 'Dr. Abigale Corwin Jr.', 'Eos neque omnis consequatur recusandae vitae molestiae quis. Nihil vel impedit eum. Consectetur et est doloremque fugiat eos accusamus. Ratione iusto inventore voluptatem voluptas.', 1, '2022-12-18 04:17:33', '2022-12-18 04:17:33'),
(157, 10, 'Micah Greenholt', 'Provident ullam cupiditate est facere quam rerum veniam. Eveniet fugiat minima nemo possimus eligendi modi. Nisi placeat et ab tempora rerum et aliquid sed. Similique facilis ea cum optio voluptatibus nobis itaque. Mollitia nemo et commodi.', 5, '2022-12-18 04:17:33', '2022-12-18 04:17:33'),
(158, 2, 'Miss Magnolia Mayert', 'Neque doloremque atque non quia aspernatur. Dolores sit laborum aperiam qui.', 3, '2022-12-18 04:17:33', '2022-12-18 04:17:33'),
(159, 34, 'Irwin Dicki PhD', 'Neque id maxime blanditiis eius adipisci ullam. Impedit autem neque sit qui. Facere esse quis est.', 5, '2022-12-18 04:17:33', '2022-12-18 04:17:33'),
(160, 28, 'Kenton Flatley I', 'Magnam cum hic sit praesentium. Aliquid voluptas perferendis neque cum aliquam laboriosam aut. Aliquid tempora quia sed animi quos sit.', 3, '2022-12-18 04:17:33', '2022-12-18 04:17:33'),
(161, 36, 'Ben Runolfsdottir', 'Sint qui dolores eum consequuntur veniam. Vel id impedit sed quae ducimus. Autem ratione sed consequatur minus. Ipsa deleniti illo est sed voluptatibus neque.', 5, '2022-12-18 04:17:33', '2022-12-18 04:17:33'),
(162, 37, 'Neva Mohr', 'Et repellendus quis qui earum qui aperiam quia. Ratione fugit tempore accusamus. Voluptatibus qui repellat voluptatem rem voluptatem. Ut autem ratione dolorem sint omnis. Cum voluptatibus dolorem eaque fuga libero corrupti tempora.', 3, '2022-12-18 04:17:33', '2022-12-18 04:17:33'),
(163, 4, 'Prof. Geo Mohr III', 'Qui illo nisi cupiditate qui fugiat rerum. Doloribus vero dicta labore unde sed nemo. Qui ut quam eos.', 4, '2022-12-18 04:17:33', '2022-12-18 04:17:33'),
(164, 21, 'Neal Williamson', 'Consectetur rem consequatur vel laborum non esse. Magnam qui debitis incidunt. Eaque sapiente natus qui iste quos eligendi et et.', 1, '2022-12-18 04:17:33', '2022-12-18 04:17:33'),
(165, 28, 'Everette Rice', 'Sequi quisquam est nulla quidem repellendus quia ut. Qui blanditiis deleniti et iure quas fuga. Quidem corrupti iusto eius voluptatibus voluptatem quas mollitia nihil. Ullam aut quaerat aut voluptatem error.', 1, '2022-12-18 04:17:33', '2022-12-18 04:17:33'),
(166, 13, 'Dr. Peter McGlynn', 'Magni consequatur et nobis dicta aut repellat molestiae. Maxime eos aut quas molestiae nisi. Provident dolorum numquam nihil nesciunt.', 3, '2022-12-18 04:17:33', '2022-12-18 04:17:33'),
(167, 43, 'Tyree Predovic PhD', 'Voluptatem consequatur nemo nobis sequi ut et. Voluptatem dolorem ut ipsum enim. Accusamus eos perspiciatis iure iste officiis aut eligendi natus.', 2, '2022-12-18 04:17:33', '2022-12-18 04:17:33'),
(168, 33, 'Prof. Gwendolyn Hills I', 'Aperiam excepturi quod modi voluptatum. Adipisci omnis corporis aut molestiae fuga expedita corporis. Nihil totam consectetur est mollitia vero in sed laborum. Et nobis maxime fugit consequatur. Eveniet fugit similique molestias ratione cumque omnis.', 4, '2022-12-18 04:17:33', '2022-12-18 04:17:33'),
(169, 28, 'Evelyn Larkin', 'Ut sed debitis voluptatem dolorem omnis. Aut aliquam mollitia harum qui. Sunt qui voluptatum ea veritatis.', 5, '2022-12-18 04:17:33', '2022-12-18 04:17:33'),
(170, 22, 'Hassan Stracke', 'Voluptatem maiores voluptas culpa eum quod et repellat. Ipsam dolorum est facere alias quidem eaque ducimus. Occaecati id reprehenderit voluptas dolorum hic totam quia rem.', 2, '2022-12-18 04:17:33', '2022-12-18 04:17:33'),
(171, 34, 'Adolph Miller', 'Praesentium recusandae et omnis perspiciatis. Eos et exercitationem excepturi sunt quae. Quaerat incidunt consequuntur accusamus laudantium vitae mollitia.', 5, '2022-12-18 04:17:33', '2022-12-18 04:17:33'),
(172, 24, 'Reymundo Jast', 'Nemo totam modi numquam commodi. Non aspernatur sint voluptate tempore qui est. Qui temporibus aliquid voluptate molestias distinctio sequi.', 2, '2022-12-18 04:17:33', '2022-12-18 04:17:33'),
(173, 49, 'Eduardo Powlowski', 'Nostrum voluptatem repellat dolores natus natus. Qui recusandae qui consequuntur in culpa a quia. Consequatur autem odit totam necessitatibus et. Facere architecto mollitia et voluptatibus laudantium. Et voluptate amet autem odio ducimus reiciendis eius ut.', 5, '2022-12-18 04:17:33', '2022-12-18 04:17:33'),
(174, 2, 'Jeanie Bednar', 'Aut rerum ut eligendi corrupti minima tempore. Aut soluta qui officiis id. At eaque aspernatur laborum culpa in. Odio rem veritatis et dolor eligendi. Consectetur labore blanditiis nulla officiis.', 2, '2022-12-18 04:17:33', '2022-12-18 04:17:33'),
(175, 7, 'Oma Strosin', 'Fuga quis laboriosam nihil qui ut vero sit. Quo nulla nesciunt nam. Repellendus quia iusto qui tempore quibusdam eius. Et officia corrupti culpa a.', 5, '2022-12-18 04:17:33', '2022-12-18 04:17:33'),
(176, 50, 'Jedediah Braun', 'Qui et fugiat dolore. Porro atque error mollitia similique cum odit maiores. Eaque accusantium sequi excepturi omnis illum dolores. Et tenetur autem minima necessitatibus eos quis.', 1, '2022-12-18 04:17:33', '2022-12-18 04:17:33'),
(177, 11, 'Dr. Vinnie Sipes', 'Dignissimos tenetur quaerat saepe corporis. Quia aperiam voluptate qui dolorem recusandae voluptatem natus aut. Repudiandae soluta quam id soluta non sunt molestiae. Facere deleniti aut quasi dicta.', 4, '2022-12-18 04:17:33', '2022-12-18 04:17:33'),
(178, 3, 'Noemie Waelchi', 'Tenetur dolores voluptates fuga non et illo. Perspiciatis autem est dolor et. Ducimus veritatis sunt nostrum enim est numquam. Qui totam similique sunt at maiores. Sit laudantium eligendi itaque possimus.', 3, '2022-12-18 04:17:33', '2022-12-18 04:17:33'),
(179, 11, 'Zoey Koepp', 'Deleniti corporis porro molestias laudantium. Ad voluptate voluptatem vel architecto cupiditate quia. Quidem dolorum error ratione laboriosam adipisci. Harum id fuga quia officiis harum ut quos.', 1, '2022-12-18 04:17:33', '2022-12-18 04:17:33'),
(180, 4, 'Casper Adams', 'Inventore doloremque corporis quia nihil. Quis sint doloribus excepturi.', 3, '2022-12-18 04:17:34', '2022-12-18 04:17:34'),
(181, 9, 'Nickolas Zulauf', 'Deleniti perspiciatis quia praesentium quod quidem placeat expedita. Expedita repellendus voluptatem impedit ut. Doloribus hic architecto occaecati ut.', 2, '2022-12-18 04:17:34', '2022-12-18 04:17:34'),
(182, 9, 'Adrianna Lubowitz', 'Sunt est a hic culpa. Accusamus excepturi et aliquam vitae quas. Incidunt soluta dignissimos aut in tempora.', 5, '2022-12-18 04:17:34', '2022-12-18 04:17:34'),
(183, 10, 'Prof. Domenica Watsica II', 'Laborum aut porro quia et doloremque. Nostrum inventore culpa voluptatem deserunt minus hic voluptatem. Aut quam vel eum provident consequuntur.', 3, '2022-12-18 04:17:34', '2022-12-18 04:17:34'),
(184, 7, 'Lonie Cummerata', 'Dolores consequuntur modi assumenda cumque et ut ab corrupti. Optio saepe nisi aut numquam qui. Ut vero voluptates ratione.', 5, '2022-12-18 04:17:34', '2022-12-18 04:17:34'),
(185, 31, 'Mrs. Verda Schroeder IV', 'Vel fugiat quis voluptates nemo. Sit blanditiis eius id modi. Incidunt iusto consequatur nihil odit possimus dignissimos sint. Sint beatae rerum et harum delectus repellat.', 3, '2022-12-18 04:17:34', '2022-12-18 04:17:34'),
(186, 32, 'Jade Hills', 'Cupiditate aut numquam voluptatum quia ut cumque velit. Numquam architecto consequatur architecto suscipit in aut modi.', 4, '2022-12-18 04:17:34', '2022-12-18 04:17:34'),
(187, 35, 'Ms. Virginia Schuppe', 'Harum enim eum dolore ratione possimus impedit laborum. Repellat molestiae voluptatem maiores laudantium maiores. Est omnis debitis nesciunt deserunt voluptate doloribus eligendi. Ut non nulla id nesciunt.', 3, '2022-12-18 04:17:34', '2022-12-18 04:17:34'),
(188, 48, 'Kurt Hyatt', 'Sed quo rem vel omnis voluptates reiciendis debitis in. Nihil in veniam placeat autem. Et aperiam officia saepe dolore.', 2, '2022-12-18 04:17:34', '2022-12-18 04:17:34'),
(189, 23, 'Prof. Hazle Russel', 'Itaque enim et odit mollitia. Quisquam pariatur minus excepturi enim voluptas. Qui dolore id et temporibus a.', 1, '2022-12-18 04:17:34', '2022-12-18 04:17:34'),
(190, 43, 'Hilda Ryan', 'Perspiciatis expedita dignissimos sint cupiditate repellendus ab nisi sit. Maiores qui iste sunt ad exercitationem a consequatur est. Accusamus est id et quo vero mollitia aut.', 4, '2022-12-18 04:17:34', '2022-12-18 04:17:34'),
(191, 8, 'German Lind', 'Consectetur sunt eligendi quos omnis omnis. Qui et et sunt distinctio officia quas ut. Qui provident deserunt autem fuga commodi quo nobis ab. Beatae sit amet quae saepe ea.', 4, '2022-12-18 04:17:34', '2022-12-18 04:17:34'),
(192, 37, 'Jerrell Kulas', 'Est a qui soluta. Harum eum harum quas consequatur eligendi nisi voluptas nisi. Nemo quia quia nihil eos consequatur totam blanditiis.', 5, '2022-12-18 04:17:34', '2022-12-18 04:17:34'),
(193, 24, 'Stewart Jacobs', 'Veniam facilis fugit mollitia omnis dolor aut et. Reprehenderit ea sit laudantium omnis velit eveniet qui. Odio veritatis consequatur quis non qui.', 2, '2022-12-18 04:17:34', '2022-12-18 04:17:34'),
(194, 4, 'Prof. Eliezer Smith MD', 'Libero veniam a atque ut et laborum eveniet ea. Qui iste voluptatum itaque provident. Placeat voluptatem debitis aliquid vel eum ut. Adipisci consequatur enim maiores molestiae ea fuga sed.', 2, '2022-12-18 04:17:34', '2022-12-18 04:17:34'),
(195, 20, 'Erick Rodriguez', 'Ratione voluptatibus debitis molestiae alias aut fugit. Est dignissimos omnis quaerat nisi est et corporis placeat. Ut consectetur quod laudantium eaque harum. Nulla voluptatem assumenda veritatis consectetur voluptatem. Aut accusamus ea pariatur nulla eos quam ratione.', 5, '2022-12-18 04:17:34', '2022-12-18 04:17:34'),
(196, 9, 'Kamryn Marks', 'Officia et omnis tempora eum similique commodi veniam ipsam. Veritatis ab recusandae tempora doloremque incidunt totam. Quam qui sint quia molestiae in et. Adipisci non et et nesciunt perspiciatis.', 2, '2022-12-18 04:17:34', '2022-12-18 04:17:34'),
(197, 19, 'Dr. Blanche Howell V', 'Sed molestias sapiente et asperiores atque doloremque autem. Voluptate aut nihil veniam dolore repellendus. Reprehenderit et consequatur voluptas corporis quos est quo vel. Tempore distinctio modi pariatur voluptate qui aliquid harum ipsa.', 2, '2022-12-18 04:17:34', '2022-12-18 04:17:34'),
(198, 6, 'Kim O\'Reilly', 'Sint explicabo nulla molestiae laborum. Nihil qui voluptatum dolores sunt. Iusto modi aspernatur voluptatibus nemo consequuntur. Et explicabo at commodi nobis.', 2, '2022-12-18 04:17:34', '2022-12-18 04:17:34'),
(199, 35, 'Ophelia Funk', 'Aut hic id explicabo rerum et. Modi et quam et facere qui reprehenderit. Similique magni eius modi ducimus. Qui et sunt dolorem ut enim.', 2, '2022-12-18 04:17:34', '2022-12-18 04:17:34'),
(200, 38, 'Prof. Zakary Morar PhD', 'Enim magnam cumque saepe non et dolore eos. Hic sequi expedita error aut aliquam. Omnis odit aliquid autem omnis nemo. Temporibus magni quisquam voluptatem. Quis similique dolorem impedit ad cumque.', 4, '2022-12-18 04:17:34', '2022-12-18 04:17:34'),
(201, 9, 'Enola Rodriguez II', 'Qui non rerum provident ducimus. Iusto earum ratione assumenda rerum et. In doloribus qui voluptatem. Veritatis aspernatur dolorum quos magnam enim ut.', 1, '2022-12-18 04:17:34', '2022-12-18 04:17:34'),
(202, 50, 'Prof. Shawn Welch MD', 'Enim qui sequi voluptatibus aliquid vitae totam qui. Modi quibusdam omnis distinctio in et sint. Officiis distinctio dolores non tenetur consequatur.', 1, '2022-12-18 04:17:34', '2022-12-18 04:17:34'),
(203, 36, 'Werner Schiller DDS', 'Aut quidem optio sed esse aut rerum. Ipsa quidem et laudantium est. Perspiciatis asperiores officia ratione cumque.', 1, '2022-12-18 04:17:34', '2022-12-18 04:17:34'),
(204, 9, 'Germaine Hagenes', 'Unde sit error molestiae quia fuga. Dolorum et fugiat dolorem qui. Est voluptatem sed a qui fuga voluptas.', 1, '2022-12-18 04:17:34', '2022-12-18 04:17:34'),
(205, 9, 'Allison Tromp', 'Sapiente et sed adipisci architecto. Ducimus repudiandae recusandae tenetur vel totam culpa illum ut. Accusantium accusamus voluptas soluta error temporibus rerum labore.', 3, '2022-12-18 04:17:34', '2022-12-18 04:17:34'),
(206, 18, 'Mellie Jakubowski', 'Quam quis facere dolore qui. Omnis eos sit ratione iusto. Totam quia in eum.', 2, '2022-12-18 04:17:34', '2022-12-18 04:17:34'),
(207, 6, 'Prof. Denis Lindgren I', 'In voluptatibus eaque molestiae odio. Et omnis autem eius et ipsa vero. Est magni eaque ut et est quis.', 1, '2022-12-18 04:17:34', '2022-12-18 04:17:34'),
(208, 25, 'Dr. Alden Prohaska DVM', 'Unde excepturi qui eos cum suscipit quia dolores rerum. Odio error est consequatur quos rerum quidem sit. Itaque facere aut quidem omnis. Inventore est et minima assumenda dolor est sint.', 3, '2022-12-18 04:17:34', '2022-12-18 04:17:34');
INSERT INTO `rewiers` (`id`, `product_id`, `customer`, `review`, `star`, `created_at`, `updated_at`) VALUES
(209, 25, 'Velda Considine', 'Sapiente facere nobis hic deserunt vel. Autem magni voluptas occaecati voluptates inventore architecto. Dolor possimus reprehenderit veniam quaerat esse mollitia enim. Odit recusandae dolores inventore.', 4, '2022-12-18 04:17:34', '2022-12-18 04:17:34'),
(210, 16, 'Ms. Sylvia Dickinson', 'Illum nulla blanditiis quis est maiores optio ipsam. Libero voluptas voluptas ut sit velit rerum quia ipsum. Asperiores rerum aliquam itaque laborum.', 3, '2022-12-18 04:17:34', '2022-12-18 04:17:34'),
(211, 23, 'Sim Douglas V', 'Sed vel tempore error voluptas iste. Eos molestiae pariatur quam. Provident ut voluptas similique quae quisquam. Nulla nostrum occaecati fugiat aspernatur.', 4, '2022-12-18 04:17:34', '2022-12-18 04:17:34'),
(212, 43, 'Karlee Kling', 'Voluptatem rerum sed autem et. Voluptas est nulla eum et.', 3, '2022-12-18 04:17:34', '2022-12-18 04:17:34'),
(213, 20, 'Prof. Korbin Klein', 'Et quae explicabo quia est ea voluptatem saepe nihil. Et commodi quia dolor est ut asperiores. Quis temporibus distinctio ex quia magnam ut. Non possimus aut et sit consequatur qui.', 5, '2022-12-18 04:17:34', '2022-12-18 04:17:34'),
(214, 34, 'Xavier Heidenreich', 'Necessitatibus iste sequi tempora dolorum expedita illo non. Ipsum dolores quis aliquam vel possimus. Optio iure vel aperiam quos tempore. Omnis accusantium earum recusandae iusto quis.', 4, '2022-12-18 04:17:34', '2022-12-18 04:17:34'),
(215, 19, 'Nicolette Rau', 'Dolorem adipisci cupiditate voluptate nulla occaecati nisi. Et animi quo ullam ex reprehenderit et. Fugiat quia quo alias doloribus corporis ipsum.', 3, '2022-12-18 04:17:34', '2022-12-18 04:17:34'),
(216, 3, 'Elvie Bahringer', 'Dolorem quam aut eum assumenda tenetur aut minima. Explicabo vel adipisci cumque sed expedita tenetur. Quod dicta sint inventore aut. Magni mollitia rerum adipisci aut quia.', 2, '2022-12-18 04:17:34', '2022-12-18 04:17:34'),
(217, 29, 'Carli Weimann', 'Molestiae unde corrupti et qui. Commodi quod aliquam facilis velit et ipsam molestias et. Perferendis quam corrupti distinctio architecto. Nam ullam ipsa quod deserunt deleniti molestiae nam.', 3, '2022-12-18 04:17:34', '2022-12-18 04:17:34'),
(218, 42, 'Roger Hirthe', 'Dolor repellendus illo impedit magni neque. Rerum nulla odit est harum. Sit officia provident adipisci. Labore eaque asperiores rem aperiam veritatis molestias occaecati veniam.', 2, '2022-12-18 04:17:34', '2022-12-18 04:17:34'),
(219, 19, 'Tressie Grant', 'Sunt dolores id voluptas facere. Tenetur voluptatem fugit vero sint et rerum. Labore assumenda et illum ut dolorem. Dignissimos voluptate qui rerum quibusdam tenetur beatae.', 2, '2022-12-18 04:17:34', '2022-12-18 04:17:34'),
(220, 47, 'Noel Koss', 'Est voluptatem repellendus est assumenda. Rerum autem ut adipisci illum eius cupiditate maxime beatae. Repudiandae quia ut laboriosam totam. Est et est est sint libero voluptas.', 1, '2022-12-18 04:17:34', '2022-12-18 04:17:34'),
(221, 5, 'Wellington Harber', 'Assumenda eligendi fugit possimus in. Optio placeat eos qui vitae et incidunt earum. Voluptatum enim soluta quo ipsa qui. Doloribus in architecto nulla voluptatem labore tempore laboriosam esse.', 5, '2022-12-18 04:17:34', '2022-12-18 04:17:34'),
(222, 3, 'Barry Jenkins', 'Repellendus amet vel aut laborum nihil quod quas. Vitae consequatur delectus ipsa. In quae a quaerat nemo molestiae iusto fugiat dolor. Minima aut officiis perspiciatis ut exercitationem autem et.', 2, '2022-12-18 04:17:34', '2022-12-18 04:17:34'),
(223, 14, 'Calista Adams', 'Non ullam rerum quaerat ea laboriosam. Consequuntur est maxime commodi quisquam sit. Eveniet molestias ad unde rerum.', 4, '2022-12-18 04:17:34', '2022-12-18 04:17:34'),
(224, 4, 'Maryam Bogisich', 'Similique sit eligendi et sint provident repellendus amet. Omnis architecto nulla accusantium aut et. Debitis odio ullam itaque eius. Hic corrupti quaerat illum ex.', 2, '2022-12-18 04:17:34', '2022-12-18 04:17:34'),
(225, 11, 'Catherine Harris', 'Occaecati ut esse soluta officia et. Distinctio blanditiis aut officia corrupti provident veniam totam dignissimos. Est quia officia in atque.', 1, '2022-12-18 04:17:34', '2022-12-18 04:17:34'),
(226, 38, 'Marlee Wintheiser', 'Id minus eum esse ut. Aut dolore quam quia explicabo omnis. Voluptatem culpa velit impedit laboriosam dolorem et illum magnam. Officiis quisquam nihil voluptatem occaecati architecto.', 5, '2022-12-18 04:17:34', '2022-12-18 04:17:34'),
(227, 15, 'Leonard Feil', 'Ipsum quae in architecto et repellendus ab similique minus. Deserunt et ea veritatis itaque voluptas dolores explicabo.', 5, '2022-12-18 04:17:34', '2022-12-18 04:17:34'),
(228, 49, 'Dr. Abdiel Dooley DDS', 'Hic et eos doloremque. Sapiente repudiandae eos ut repellendus ut. Facere ducimus voluptas velit magnam esse qui. Tempore ea architecto aut molestiae tenetur magni sed.', 2, '2022-12-18 04:17:34', '2022-12-18 04:17:34'),
(229, 34, 'Prof. Kayli Labadie', 'Est voluptatem iste hic consequatur ut soluta nam. Molestias soluta nesciunt et occaecati et occaecati ut. Recusandae fugit sit architecto quaerat provident incidunt necessitatibus.', 1, '2022-12-18 04:17:34', '2022-12-18 04:17:34'),
(230, 23, 'Miss Salma Wolf', 'Nobis aut rerum exercitationem eligendi amet. Ratione molestiae ducimus nostrum maiores sit. Ut dolores voluptate fuga ducimus. Neque iusto et nemo ducimus atque aut optio.', 3, '2022-12-18 04:17:34', '2022-12-18 04:17:34'),
(231, 5, 'Mrs. Karolann Harvey DDS', 'Ut repellat nemo accusantium distinctio. Illum veritatis quod voluptatem reiciendis incidunt ut autem. Nam perferendis molestias dolorum recusandae. Doloribus reprehenderit assumenda repudiandae tempora quod rerum totam minima.', 5, '2022-12-18 04:17:34', '2022-12-18 04:17:34'),
(232, 50, 'Diana Pacocha DVM', 'Dolorem dolorem ipsam aut qui iure rem esse. Ipsa officiis numquam sapiente. Voluptatum molestias deserunt placeat voluptatum consequatur tempore in. Quibusdam officia minus rerum odio natus.', 3, '2022-12-18 04:17:34', '2022-12-18 04:17:34'),
(233, 43, 'Camilla Schneider', 'Et dolorem laboriosam hic iste. Est vitae ut nesciunt ad minima perferendis ut. Accusamus autem esse est nam omnis consectetur aperiam.', 4, '2022-12-18 04:17:34', '2022-12-18 04:17:34'),
(234, 16, 'Nedra Corkery III', 'Consequatur sed ipsam temporibus iusto. Laudantium necessitatibus est ad deleniti. Quia velit sit sint omnis eaque voluptas accusamus.', 3, '2022-12-18 04:17:34', '2022-12-18 04:17:34'),
(235, 11, 'Javon Satterfield', 'Minima ullam quaerat quisquam excepturi. Mollitia sed quis ut. Eos ut quo eligendi.', 4, '2022-12-18 04:17:34', '2022-12-18 04:17:34'),
(236, 40, 'Dr. Ricky Abshire IV', 'Est sunt cupiditate at quas illum sit quia. Omnis quaerat atque consectetur ratione. Ut inventore nemo eligendi iusto commodi laudantium. Aut suscipit accusamus enim quisquam praesentium cumque autem.', 4, '2022-12-18 04:17:34', '2022-12-18 04:17:34'),
(237, 25, 'Terrill Rippin DVM', 'Nostrum aut aut provident et. Voluptate non harum fugit sunt blanditiis. Qui accusantium voluptate odit quo harum sit. Eos labore animi exercitationem dicta.', 3, '2022-12-18 04:17:34', '2022-12-18 04:17:34'),
(238, 36, 'Daryl Walter III', 'Voluptatem ipsam eum et consequuntur error et. Dolorem excepturi et beatae possimus vel ut explicabo. Laboriosam qui tempora cupiditate et iusto autem. Qui corporis voluptates dolore omnis sit illum officia. Aut iste quibusdam aliquam repudiandae cupiditate nobis facilis.', 1, '2022-12-18 04:17:34', '2022-12-18 04:17:34'),
(239, 24, 'Everett Kiehn', 'Sint mollitia natus debitis veniam. Excepturi et occaecati distinctio. Quibusdam incidunt quo consequatur numquam perspiciatis et. Aut ad ad corporis provident et saepe vel.', 2, '2022-12-18 04:17:34', '2022-12-18 04:17:34'),
(240, 42, 'Prof. Ezekiel Mills V', 'Doloremque non ut eveniet cumque facere delectus neque eos. Error tenetur tempore sit eaque. Id quo id porro quae ut in voluptates nobis. Ut et officia ab sint et expedita.', 1, '2022-12-18 04:17:34', '2022-12-18 04:17:34'),
(241, 8, 'Esteban Witting', 'Et recusandae et doloribus in odio. Molestiae similique illo quidem sit ut. Aut sit repudiandae similique hic. Ut quia deleniti ipsum omnis.', 2, '2022-12-18 04:17:34', '2022-12-18 04:17:34'),
(242, 36, 'Murray Daugherty', 'Molestiae voluptatum id quis consequuntur ipsum pariatur deleniti minus. Sunt et est adipisci quaerat cupiditate alias nihil. Qui voluptatibus accusamus sed quo aut.', 1, '2022-12-18 04:17:34', '2022-12-18 04:17:34'),
(243, 36, 'Kassandra Borer V', 'Possimus exercitationem voluptas eos vitae aperiam laborum pariatur esse. Et tempora dolores incidunt nam sequi. Tempore eaque ut voluptas eum rem. Nostrum veritatis aliquid vero ut.', 4, '2022-12-18 04:17:34', '2022-12-18 04:17:34'),
(244, 6, 'Ms. Emilia Vandervort', 'Voluptas vel at est iusto. Reprehenderit voluptatem perspiciatis placeat alias. Cum quia voluptatem odit rerum tenetur minima.', 2, '2022-12-18 04:17:34', '2022-12-18 04:17:34'),
(245, 49, 'Luz Turcotte', 'Ea quia veritatis et commodi recusandae qui. Assumenda porro quis voluptate dolor. Autem nulla aut et. Porro minus dolor ipsam eum quia.', 1, '2022-12-18 04:17:34', '2022-12-18 04:17:34'),
(246, 3, 'Prof. Sage Kassulke', 'Explicabo nam atque at provident. Ut autem tempore minus perferendis aperiam consequatur. Dolores excepturi quibusdam sunt est sint est eos. Iste autem explicabo quia ut. Quidem autem repellendus consequuntur id.', 4, '2022-12-18 04:17:34', '2022-12-18 04:17:34'),
(247, 5, 'Alessia Gaylord III', 'Et molestiae facere distinctio rerum. Fugit sunt id ipsa voluptas consectetur ea. Eaque temporibus maiores optio consequuntur perspiciatis quia.', 3, '2022-12-18 04:17:34', '2022-12-18 04:17:34'),
(248, 39, 'Freida Wilkinson', 'Mollitia odit error blanditiis laborum. Voluptatem minus iusto aut laborum in suscipit at. Enim quidem rerum quo est et perspiciatis fugiat vel. Harum et ipsum tempora minima aut iusto vero.', 1, '2022-12-18 04:17:34', '2022-12-18 04:17:34'),
(249, 4, 'Dr. Ciara Armstrong', 'Provident mollitia in velit debitis quo ullam. Aliquam doloremque fugiat ducimus debitis voluptas in vel. Ab dicta accusamus illo voluptatem nulla accusantium cum.', 1, '2022-12-18 04:17:34', '2022-12-18 04:17:34'),
(250, 31, 'Mr. Mitchell Hyatt', 'Iusto accusantium adipisci soluta tempora. Dolorum quia rerum eum tenetur ex sapiente magni corrupti. Id et enim saepe id repellat dolorum. Corrupti molestiae qui saepe eaque non consequatur.', 2, '2022-12-18 04:17:34', '2022-12-18 04:17:34'),
(251, 23, 'Wilfredo Marquardt Sr.', 'Aut modi odio expedita laudantium earum provident repudiandae. Voluptas veniam saepe accusantium dolorem. Sint deserunt nisi blanditiis odit cum. Ut cupiditate officiis distinctio tempora ut vel vel.', 3, '2022-12-18 04:17:34', '2022-12-18 04:17:34'),
(252, 34, 'Adelbert Treutel', 'Deleniti libero sint dolores voluptatem dolor qui. Molestiae numquam possimus earum omnis. Et quia est quo sed. Odit aut dicta maxime magnam laudantium et.', 1, '2022-12-18 04:17:34', '2022-12-18 04:17:34'),
(253, 22, 'Alena Boyle', 'Reprehenderit excepturi id suscipit facilis maiores consequatur quia. Itaque deserunt quisquam praesentium voluptas. Est et vitae nostrum.', 4, '2022-12-18 04:17:34', '2022-12-18 04:17:34'),
(254, 30, 'Cynthia Howell', 'Sed iusto doloribus eos architecto officiis minima. Et repellendus eos sit quo eligendi et. Distinctio et suscipit ab explicabo quidem. Voluptas voluptatem molestiae fugit fugit eum voluptatem ea. Itaque deserunt blanditiis assumenda optio qui harum unde.', 3, '2022-12-18 04:17:34', '2022-12-18 04:17:34'),
(255, 10, 'Althea Herman DDS', 'Enim eveniet aut esse laborum. Deserunt et voluptatibus quibusdam minus incidunt. Vitae provident est et commodi et. Inventore et libero cumque dignissimos.', 5, '2022-12-18 04:17:34', '2022-12-18 04:17:34'),
(256, 28, 'Hank Von', 'Ea amet sit sed quod eos similique quae enim. Aspernatur ut minus nemo aut.', 3, '2022-12-18 04:17:34', '2022-12-18 04:17:34'),
(257, 1, 'Laney Blick', 'Fugiat labore sunt temporibus sint doloribus. Quasi saepe soluta officiis. Repellendus optio autem delectus perferendis at enim. Qui ea fugiat dolor quia aut.', 5, '2022-12-18 04:17:34', '2022-12-18 04:17:34'),
(258, 34, 'Dallas Kunde', 'Quis error perferendis dolor est dolor. Ut sit saepe omnis tempore eos placeat. Dolorem fuga recusandae quo inventore assumenda. Sit ea consequatur et illum.', 3, '2022-12-18 04:17:34', '2022-12-18 04:17:34'),
(259, 16, 'Rahsaan Aufderhar', 'Exercitationem dolores qui aut. Ea accusantium dolorum qui voluptatem non. Aut dolorem mollitia non ea dolorem.', 3, '2022-12-18 04:17:34', '2022-12-18 04:17:34'),
(260, 22, 'Cayla Rogahn', 'Dolor nemo et ad enim id pariatur. Qui voluptatem sunt laboriosam qui accusamus expedita. Aut soluta laboriosam laudantium et aut.', 5, '2022-12-18 04:17:34', '2022-12-18 04:17:34'),
(261, 4, 'Kamron Ernser', 'Iure beatae deserunt quia perferendis aperiam dolores. Recusandae repellendus earum illo eius. Qui quis doloribus officiis repudiandae.', 4, '2022-12-18 04:17:34', '2022-12-18 04:17:34'),
(262, 16, 'Neil Fadel MD', 'Non maiores ex aut corporis quas. Numquam qui eveniet est velit.', 2, '2022-12-18 04:17:34', '2022-12-18 04:17:34'),
(263, 23, 'Celestino Schamberger V', 'Ullam voluptatibus sed officia rerum. In eum nostrum perferendis quidem. Quia harum cumque vel. Fuga neque nostrum occaecati non adipisci.', 5, '2022-12-18 04:17:34', '2022-12-18 04:17:34'),
(264, 36, 'Filomena Maggio', 'Corporis neque provident labore quasi. Quod asperiores nemo vero quam facere sit. Autem fuga quis illo deserunt pariatur animi excepturi rem.', 1, '2022-12-18 04:17:34', '2022-12-18 04:17:34'),
(265, 32, 'Rodger Daugherty', 'Pariatur numquam sapiente error sit deleniti cupiditate sint. Perspiciatis unde deserunt aut fugiat fuga vitae quisquam. Dolore quasi quasi est illo ut nihil non quisquam. Quo assumenda impedit fugiat vitae dolorem velit.', 1, '2022-12-18 04:17:34', '2022-12-18 04:17:34'),
(266, 41, 'Prof. Rosario Windler V', 'Porro voluptate ipsa sit saepe perspiciatis dolor. In laboriosam quia corrupti voluptates nihil exercitationem dolorum. Temporibus et aut temporibus ab id. Ea at quidem id alias dolor et.', 4, '2022-12-18 04:17:34', '2022-12-18 04:17:34'),
(267, 44, 'Camille Herzog', 'Blanditiis placeat sequi illo in beatae sed provident harum. Eum unde atque corporis voluptatum. Numquam sint dolorum voluptatem voluptatem sit nihil dignissimos.', 5, '2022-12-18 04:17:34', '2022-12-18 04:17:34'),
(268, 45, 'Gudrun Swaniawski', 'Velit tempora nam placeat est. Exercitationem eos aspernatur dolorum aut. Consequatur eos animi omnis.', 1, '2022-12-18 04:17:34', '2022-12-18 04:17:34'),
(269, 11, 'Hope Abbott Sr.', 'Explicabo id laboriosam consequatur eligendi et dolores et ex. Temporibus neque possimus unde tempora ex voluptas. Quia accusantium vel eligendi in in sapiente magnam. Aut voluptatem eos assumenda nobis velit rerum.', 1, '2022-12-18 04:17:34', '2022-12-18 04:17:34'),
(270, 41, 'Prof. Judd Gleason', 'Ut rem minima vero nisi. Repellat aut quidem impedit qui. Consequuntur sit sit quisquam consequatur rem.', 4, '2022-12-18 04:17:34', '2022-12-18 04:17:34'),
(271, 25, 'Muhammad Jerde', 'Ut hic id veritatis qui ut et. Qui doloremque omnis autem id quis fugit. Rerum id libero totam totam similique aut. Quasi ut rerum incidunt nobis rerum rem.', 1, '2022-12-18 04:17:34', '2022-12-18 04:17:34'),
(272, 34, 'Shane Hane', 'Alias ut commodi ab sunt quis omnis. Rerum hic saepe dicta quia et. Voluptas vitae ipsum incidunt at.', 3, '2022-12-18 04:17:34', '2022-12-18 04:17:34'),
(273, 30, 'Mr. Adrien Schumm', 'Voluptas et dolorem tempore reiciendis. Perspiciatis perspiciatis neque dignissimos molestias commodi. Et et porro praesentium recusandae soluta sed. Accusamus necessitatibus ex occaecati est quae.', 2, '2022-12-18 04:17:34', '2022-12-18 04:17:34'),
(274, 26, 'Iva Grimes DVM', 'Non possimus qui rerum unde sint. Aspernatur excepturi expedita enim sit deserunt. Expedita blanditiis ut inventore eum.', 3, '2022-12-18 04:17:34', '2022-12-18 04:17:34'),
(275, 12, 'Danielle Wiegand', 'Veniam iure non sunt nam. Est voluptas totam iure quis. Ut impedit quis voluptatem magni exercitationem id necessitatibus. Maiores quos eos necessitatibus nobis voluptatum omnis velit occaecati.', 3, '2022-12-18 04:17:34', '2022-12-18 04:17:34'),
(276, 1, 'Prof. Llewellyn Hartmann', 'Officia minus culpa dignissimos eos unde maiores vitae expedita. Quo accusamus molestiae dolorem earum.', 2, '2022-12-18 04:17:34', '2022-12-18 04:17:34'),
(277, 12, 'Agustina Zulauf DVM', 'Quasi est expedita qui fuga voluptatem quis esse. Est officia earum earum dolor. Et nostrum dolor est beatae iusto impedit. Minima laborum repellendus dolorem natus magni tempora.', 1, '2022-12-18 04:17:34', '2022-12-18 04:17:34'),
(278, 35, 'Prof. Miguel Hintz', 'Corrupti quia omnis aut non velit. Autem est debitis quisquam quis nulla nisi voluptas. Inventore nesciunt qui eaque a. Et est laboriosam qui aut.', 5, '2022-12-18 04:17:34', '2022-12-18 04:17:34'),
(279, 11, 'Dr. Flo Ryan DVM', 'Ab assumenda est cumque repellat quisquam sed voluptas eius. Eos dolor consequatur nihil molestiae soluta corporis voluptatem corporis. Ut aperiam est sapiente veritatis amet tenetur vitae.', 3, '2022-12-18 04:17:34', '2022-12-18 04:17:34'),
(280, 23, 'Prof. Willie Trantow', 'Recusandae amet totam labore minus et corporis cupiditate. Cupiditate omnis itaque ad cumque. Dolor quia voluptatibus quam placeat ab et exercitationem.', 4, '2022-12-18 04:17:34', '2022-12-18 04:17:34'),
(281, 43, 'Anjali Abernathy', 'Quasi molestiae et doloribus repellat laboriosam quo. Rerum dolor ea amet et vel exercitationem dolores. Reiciendis vel quod aut excepturi.', 2, '2022-12-18 04:17:34', '2022-12-18 04:17:34'),
(282, 37, 'Prof. Hertha Swift Sr.', 'Nemo suscipit odio vel occaecati sit vel. Recusandae voluptatem nam dolorem. Eum et quaerat recusandae quis repudiandae sint. Blanditiis harum ducimus rem.', 5, '2022-12-18 04:17:34', '2022-12-18 04:17:34'),
(283, 42, 'Damaris Hackett', 'Voluptates vel odit repellendus nulla sequi. Ab laborum cumque quia odio enim. Et dignissimos nobis consequatur corporis. Itaque maxime nostrum consectetur illo autem ut.', 2, '2022-12-18 04:17:34', '2022-12-18 04:17:34'),
(284, 31, 'Miss Elouise Jenkins', 'Doloremque adipisci libero optio. Quisquam ipsam libero occaecati sed velit ad. Modi molestiae aperiam cum ipsum nam. Deserunt beatae consequuntur non atque voluptatem.', 4, '2022-12-18 04:17:34', '2022-12-18 04:17:34'),
(285, 39, 'Ms. Amanda Kuhlman', 'Eveniet quia quis eligendi alias illum. Autem saepe magnam asperiores voluptas accusantium aut. Ab nobis qui nihil minima in sit et debitis. Eum incidunt accusamus mollitia in molestiae.', 4, '2022-12-18 04:17:34', '2022-12-18 04:17:34'),
(286, 21, 'Neha Erdman', 'Voluptates pariatur fugit dolorum laudantium ex odit sint. Minus excepturi voluptatem quis quia consequatur voluptatem perspiciatis. Qui quod qui quo minima praesentium nihil. Cumque nihil sed culpa deleniti.', 3, '2022-12-18 04:17:34', '2022-12-18 04:17:34'),
(287, 48, 'Miss Greta Stracke DVM', 'Optio maiores consequatur vel error assumenda. Eligendi soluta quis est aspernatur. Assumenda voluptas fugiat voluptatem natus qui dolor dolorem.', 5, '2022-12-18 04:17:34', '2022-12-18 04:17:34'),
(288, 28, 'Alex Sporer', 'Incidunt quia quidem facilis nesciunt at. Iure tempora ipsa nulla repudiandae similique laudantium error. Praesentium aperiam deserunt cupiditate quis natus error.', 5, '2022-12-18 04:17:34', '2022-12-18 04:17:34'),
(289, 28, 'Juwan Schuppe', 'Neque quidem aliquam incidunt mollitia. Illo dolorem illum et temporibus. Temporibus iusto modi perspiciatis explicabo omnis quis. Ut laudantium earum beatae modi similique aut.', 1, '2022-12-18 04:17:34', '2022-12-18 04:17:34'),
(290, 40, 'Ms. Kacie Ondricka MD', 'Ullam quae et corrupti qui hic. Odio debitis quisquam corrupti et quidem. Animi libero ut dolor.', 1, '2022-12-18 04:17:34', '2022-12-18 04:17:34'),
(291, 39, 'Rick Schneider', 'Qui modi facere sit iure ut ullam. Hic ipsum voluptas et. Odio et quod perspiciatis modi molestiae quisquam.', 3, '2022-12-18 04:17:34', '2022-12-18 04:17:34'),
(292, 16, 'Nora Wisoky', 'Fugiat necessitatibus aut sed et quia. Voluptate voluptate animi non rerum officiis ipsam inventore. Vel voluptatibus ea autem blanditiis. Placeat consequatur id omnis animi sed doloribus beatae illo.', 5, '2022-12-18 04:17:34', '2022-12-18 04:17:34'),
(293, 37, 'Prof. Jamar Schumm DDS', 'Officiis sint voluptatem consequuntur nulla. Asperiores explicabo id consequatur iure qui. Qui quis repudiandae aut dolorum aspernatur aut est.', 1, '2022-12-18 04:17:34', '2022-12-18 04:17:34'),
(294, 9, 'Prof. Liam Skiles I', 'Totam deserunt nemo rerum mollitia. Doloremque sapiente libero excepturi aut non et. Repellat quae rerum quasi ut et tempora.', 4, '2022-12-18 04:17:34', '2022-12-18 04:17:34'),
(295, 38, 'Jerod Mohr', 'Voluptatem magnam accusamus ut officiis sit rerum consequuntur. Voluptates ipsum et omnis ea. Aut qui libero dolores quia.', 5, '2022-12-18 04:17:34', '2022-12-18 04:17:34'),
(296, 44, 'Vernice Predovic', 'Aut voluptas quaerat quod fugiat a pariatur. Blanditiis qui aut modi debitis dolores quos.', 3, '2022-12-18 04:17:34', '2022-12-18 04:17:34'),
(297, 24, 'Rico Marks', 'Architecto quod et nemo autem recusandae omnis. Architecto eius praesentium neque asperiores. Doloribus nulla omnis in tempore cupiditate. Sunt cumque et enim eum a et minus voluptas. Nostrum adipisci eligendi id expedita ad et modi.', 2, '2022-12-18 04:17:34', '2022-12-18 04:17:34'),
(298, 3, 'Dr. Braulio Osinski', 'Ut laborum accusantium consequuntur deserunt. Id voluptates est quidem ipsa quia libero. Expedita et blanditiis nulla sit sed facilis at culpa.', 5, '2022-12-18 04:17:34', '2022-12-18 04:17:34'),
(299, 36, 'Lazaro Hoppe', 'Similique ullam molestias voluptatum voluptas reprehenderit dignissimos. Sit sunt enim expedita. Doloremque possimus recusandae recusandae dicta assumenda aut maxime. Rem maxime eos tempore voluptate quam cum.', 4, '2022-12-18 04:17:34', '2022-12-18 04:17:34'),
(300, 27, 'Rollin Kassulke', 'Hic ut eius aut aut quia. Non ut magnam minima autem asperiores animi unde. Reprehenderit maiores eum minus eligendi tenetur. Consequatur molestiae voluptatem rem eius eveniet maxime.', 1, '2022-12-18 04:17:34', '2022-12-18 04:17:34');

-- --------------------------------------------------------

--
-- Table structure for table `users`
--

DROP TABLE IF EXISTS `users`;
CREATE TABLE IF NOT EXISTS `users` (
  `id` bigint(20) UNSIGNED NOT NULL AUTO_INCREMENT,
  `name` varchar(255) COLLATE utf8_unicode_ci NOT NULL,
  `email` varchar(255) COLLATE utf8_unicode_ci NOT NULL,
  `email_verified_at` timestamp NULL DEFAULT NULL,
  `password` varchar(255) COLLATE utf8_unicode_ci NOT NULL,
  `remember_token` varchar(100) COLLATE utf8_unicode_ci DEFAULT NULL,
  `created_at` timestamp NULL DEFAULT NULL,
  `updated_at` timestamp NULL DEFAULT NULL,
  PRIMARY KEY (`id`),
  UNIQUE KEY `users_email_unique` (`email`)
) ENGINE=MyISAM DEFAULT CHARSET=utf8 COLLATE=utf8_unicode_ci;
COMMIT;

/*!40101 SET CHARACTER_SET_CLIENT=@OLD_CHARACTER_SET_CLIENT */;
/*!40101 SET CHARACTER_SET_RESULTS=@OLD_CHARACTER_SET_RESULTS */;
/*!40101 SET COLLATION_CONNECTION=@OLD_COLLATION_CONNECTION */;
